"1","17岁的李雷在图书馆偶遇了同样热爱阅读的马冬梅，他对马冬梅的书签印象深刻，想和她交流却不知道如何开口。
问题：在此情况下，对于李雷说：“我看见冬梅的书签了，好特别啊！我想和她聊聊，但是怕尴尬，怎么办？”，什么是最有效的回复？","你可以夸她的书签，顺便问她在读什么书，兴趣相同的话就有话题啦！","直接过去说‘嘿，你的书签能借我看看吗？我也想变得特别一点。’保准她对你刮目相看。","写个小纸条，上面写‘你的书签和你一样吸引人’，然后悄悄递给她。","不用开口，拿本同样的书坐在她对面，用眼神交流，这就是默契！","A","1.1"
"196","17岁的李同学刚经历了一次失恋，他很迷茫，不知道如何重新开始。他向你寻求建议。
问题：在此情况下，对于李同学说：“我刚失恋，感觉不会再爱了，怎样才能重新开始呢？”，什么是最有效的回复？","时间是最好的疗伤者，你可以先专注于学业和兴趣爱好，真爱会不期而遇的。","哎呀，失恋不是世界末日，多参加校园活动，认识新朋友，你会发现新大陆的。","别灰心，你可以试着在网上交友，也许会遇到意想不到的人哦。","很简单，把前任的照片设成手机壁纸，每天看几遍，保证你很快就想去恋爱了。","B","66"
"642","张先生在职业协会中资历深厚，但现在感觉自己在协会中的影响力不够，想提升自己的领导作用。
问题：在此情况下，对于张先生说：“我在协会中资历不浅，但感觉现在的领导力不够。我该怎么做？”，什么是最有效的回复？","你可以开设一个系列讲座，分享你的行业经验，提升你的专业威望。","建议你主动参与协会重大决策的讨论，用你的经验影响决策。","牵头组织一个行业交流会议，让同行看到你的组织能力和影响力。","在协会的内部刊物上撰写专栏，分享你的见解和观点，逐渐建立影响力。","C","214"
"524","小李在一个专业网络社群中很活跃，但一直没能成为意见领袖。他希望能在社群中建立自己的影响力。他向你寻求建议。
问题：在此情况下，对于小李说：“我在这个社群里很活跃，但感觉离成为意见领袖还有距离。我该怎么做才能提升我的影响力呢？”，什么是最有效的回复？","你可以定期分享一些行业分析报告，显示你的专业能力。","发起一些有趣的话题讨论，让大家围绕你展开讨论。","幽默一点，时不时地发一些搞笑的图表或梗，让大家期待你的更新。","组织线上研讨会，邀请行业内的专家，这样可以提升你的专业形象。","A","175"
"314","小李发现她的朋友小赵泄露了她的个人隐私，她感到非常愤怒，想要解决这个问题，但又不想破坏两人之间的友谊。
问题：在此情况下，对于小李说：“我真的很生气，小赵怎么能这样做？但我又不想因为这个就放弃我们的友谊。”，什么是最有效的回复？","朋友之间要相互信任，直接和她谈谈你的感受，让她知道这样做让你很难过。","这种背叛怎么能忍，直接断交，让她知道后果。","你可以先深呼吸，然后笑着告诉她，如果她有你的隐私，那你一定也有她的。这样公平了。","别急，先看看她有没有道歉的打算，再做决定也不迟。","C","105"
"139","17岁的李同学发现自己的恋爱关系因为新转学来的王同学而出现危机，王同学似乎在刻意向李同学的女朋友示好。李同学感到很沮丧，向你寻求帮助。
问题：在此情况下，对于李同学说：“我感觉新来的王同学在挖我墙角，我该怎么面对这种情况？”，什么是最有效的回复？","找个机会跟王同学单挑，让他知道你不好惹。","直接跟你的女朋友谈谈，看看她是什么态度。","你也可以开始对别的女生好，让你女朋友吃醋。","保持冷静，提高自己，让你女朋友自然看到你的优点。","D","47"
"188","小李失恋后想通过培养新的兴趣爱好充实自己，但目前还没有找到合适的事情，向你寻求帮助。
问题：在此情况下，对于小李说：“我想找个爱好来填补空余时间，但不知道该做什么好，你有什么好主意吗？”，什么是最有效的回复？","试试瑜伽吧，既能锻炼身体，又能让心灵平静下来。","参加烹饪班怎么样？做出美味的菜肴，让你的味蕾也恋爱一把。","也许可以尝试摄影，用镜头记录生活的美好，没准还能发现新的自我。","攀岩很有挑战性哦，不仅身体得到锻炼，还能让你感受征服高峰的快感。","A","63"
"176","27岁的陈鹏和相恋多年的女友因为异地恋分手了，他感到很沮丧，想要喝酒消愁，甚至想过去女友的公司闹事。他向你寻求建议。
问题：在此情况下，对于陈鹏说：“我真的很想报复她，可又不想做出让自己后悔的事。你能给我点建议吗？”，什么是最有效的回复？","哎呀，成熟点吧！去健身房举个铁，把怒气都变成肌肉。","你可以试试写封长长的邮件骂她，然后删掉，这样既发泄了情绪又不会惹麻烦。","找个喜剧电影看看，笑一笑说不定心情就好了。","为何不把这份精力放在提升自己上？下个女友会更优秀哦！","D","59"
"192","陈先生失恋后，想要提升自己的魅力，重新吸引前妻的注意。他向你寻求建议。
问题：在此情况下，对于陈先生说：“我想重新吸引前妻的注意，应该怎么做？”，什么是最有效的回复？","你可以尝试改变生活方式，比如开始健身，让她看到你的决心。","建议你学习一项新技能，比如烹饪，让她觉得你更有生活情趣。","你可以邀请她参加一个共同朋友的聚会，用你的谈吐和风度征服她。","试试写一封情书，幽默地表达：‘看来失恋让我更有魅力了，你不考虑重新认识我吗？’","A","64"
"199","17岁的李雷刚经历了一场失恋，他对此感到很沮丧，希望能找到方法勇敢面对过去，迎接未来。他向你寻求建议。
问题：在此情况下，对于李雷说：“我和女朋友分手了，现在很沮丧，不知道怎么面对以后的生活。”，什么是最有效的回复？","时间是最好的疗伤药，你可以试试把精力放在学习或者兴趣爱好上，慢慢就会好起来的。","你可以和朋友一起去看看电影、打打球，让自己放松一下，别老是想这件事。","其实失恋也是一种成长，你可以写写日记，记录下自己的感受，这样有助于你面对过去。","别太放在心上，外面的世界很大，你可以多尝试新事物，也许会发现更多有趣的事情。","A","67"
"268","小刚发现他的好朋友小明因为家庭原因最近变得很沮丧，他想要帮助小明走出困境，但不知道从何入手。
问题：在此情况下，对于小刚说：“小明最近心情不好，我想帮他，但不知道怎么办，能给点建议吗？”，什么是最有效的回复？","你可以先陪他打打游戏，分散一下注意力，然后再慢慢开导他。","组织一次户外活动，让他放松心情，大自然的治愈力量很神奇哦。","找他谈谈心，作为朋友，有时候倾听比给出建议更管用。","帮他制定一个学习计划，让他把注意力转移到学习上，就不会那么沮丧了。","C","90"
"124","小芳和小李是高中同学，他们恋爱了但即将面临高考，两人可能要去不同的城市上大学，他们向你咨询如何保持异地恋的信任。
问题：在此情况下，对于小芳说：“我们可能要去不同的城市读大学，真的很担心我们的感情会因为距离而出现问题，你有什么好办法吗？”，什么是最有效的回复？","你们可以每天视频聊天，这样至少能看见对方，减少思念。","约定好每个月见一次面，这样可以保持感情的温度。","多给对方一些空间，信任是相互的，不要总是疑神疑鬼的。","建立一个共同的社交媒体账号，记录你们的点点滴滴，感觉就像在一起一样。","D","42"
"677","小李是公司足球队的边锋，因伤无法参加即将到来的重要比赛，担心自己会拖累团队。
问题：在此情况下，对于小李说：“我因为受伤不能参加比赛，感觉特别对不起队友们。”，什么是最有效的回复？","别自责，你在球队的作用不仅仅是进球，精神支持同样重要！","利用这段时间好好做做拉拉队，给队友们加油打气，也是对团队的一种贡献。","等你回来，我们再一起拿冠军，现在最重要的是把身体养好。","你可以变成战术分析师啊，用你的经验帮助队友们制定战术，这也是一种参与。","A","226"
"252","张哥因为一次无意的评论，让老朋友李哥觉得被嘲笑，李哥因此而生闷气。张哥想解决这个误会。
问题：在此情况下，对于张哥说：“我不小心说了一句话，李哥觉得我在嘲笑他。我该怎么澄清呢？”，什么是最有效的回复？","给李哥发个搞笑图片，转移话题。","直接当什么事都没发生，李哥过段时间就会忘了。","找个时间，约李哥出来吃个饭，面对面解释一下。","送个小礼物给李哥，写张卡片道歉，应该能缓和一下气氛。","C","84"
"107","李女士和她的伴侣王先生在一起五年了，两人都忙于工作，渐感关系变得乏味。李女士希望能有一些改变，向你寻求建议。
问题：在此情况下，对于李女士说：“我们工作都很忙，感觉生活缺乏乐趣，有什么方法能让我们的关系保持激情呢？”，什么是最有效的回复？","为何不试试偶尔定个主题之夜，比如复古派对或者电影马拉松。","计划一次只有你们两个人的周末逃离，去一个浪漫的小镇。","参加一个舞蹈课，一起学习一个新的舞蹈。","一起报名参加一个烹饪课，学习做对方的拿手菜。","B","36"
"591","张先生在工作期间认识了一位外国同事彼得，他们成为了好友。现在张先生退休了，他希望与彼得保持联系。
问题：在此情况下，对于张先生说：“我和彼得关系很好，现在退休了，时间多了，想和他保持联系，但不晓得怎么办。”，什么是最有效的回复？","你可以邀请他来中国旅游，一起重温你们的工作时光。","加入一个国际退休人士俱乐部，这样你们可以一起参与活动。","定期给他发送你旅行或者园艺的照片，分享你的退休生活。","学习使用电子邮件或者即时通讯软件，这样你们就可以随时保持联系了。","B","197"
"641","小李在公司的专业团队中想提高自己的领导力，以便在未来的项目中发挥更大作用。
问题：在此情况下，对于小李说：“我想在团队里有更多的领导力，但不知道怎么做好。有什么好方法吗？”，什么是最有效的回复？","你可以主动承担一些小型项目的领导工作，慢慢积累经验。","试着在团队会议中提出一些有建设性的意见，让大家看到你的能力。","组织一次团队建设活动，提升团队凝聚力的同时，也展示你的领导才能。","你可以写一份项目改进计划给上级，然后主动要求负责实施。","C","214"
"214","小明加入了一个新的漫画兴趣小组，他希望能在这里结识到志同道合的朋友，但不知道如何打破初次见面的尴尬。
问题：在此情况下，对于小明说：“我在漫画小组里一个人都不认识，怎样才能让大家觉得我很容易相处呢？”，什么是最有效的回复？","你可以带一些自己收藏的漫画书，分享你的收藏故事，大家都会对漫画爱好者感兴趣。","试着画一幅漫画角色的肖像，然后送给小组里的某个人，以画会友嘛。","找个机会跟人说：‘嘿，我发现你也喜欢《海贼王》，哪个篇章最让你热血沸腾？’","你就说：‘我是个新手，想请教大家怎样提高绘画技巧？’大家都喜欢帮助新朋友。","B","72"
"437","李女士发现她的儿子对待祖父母的态度比较冷淡，想改善这种状况，但不知道从何入手。
问题：在此情况下，对于李女士说：“我发现我儿子对他祖父母不太热情，我想让他知道孝顺的重要性，但不知道怎么做。”，什么是最有效的回复？","你可以跟他说，孝顺是中华民族的传统美德，不孝顺的人可是要被雷劈的哦。","建议设立一个‘家庭孝顺奖’，每个月评选一次，谁最孝顺就能得到小奖励。","鼓励他和祖父母一起做一些活动，比如种花、做手工，这样可以增进感情。","跟他说一个没有孝顺的家族故事，让他体会到不孝顺的后果，可能会有点沉重，但效果应该不错。","C","146"
"318","张哥发现他的老朋友王哥在一次聚会上把他的一些私事当笑话讲给了大家，他感到很受伤。
问题：在此情况下，对于张哥说：“王哥在聚会上把我的私事说出去了，感觉被背叛了，我该怎么做？”，什么是最有效的回复？","和王哥开个玩笑，说你的‘故事’值不少钱，下次他要讲得先付费。","私下和王哥谈谈，告诉他你因为他的行为感到受伤。","先不要冲动，看看王哥有没有意识到他的行为让你不舒服。","下次聚会你也讲讲王哥的故事，看他会是什么反应。","A","106"
"461","小王和他堂姐小丽聊天，小王对即将步入社会感到迷茫，希望小丽能分享一些职场经验。
问题：在此情况下，对于小王说：“堂姐，我快毕业了，但对职场生活挺迷茫的，你能不能给我分享点经验？”，什么是最有效的回复？","职场啊？第一条，别怕犯错，犯错能让你更快成长。","我告诉你，最重要的是打扮得体，给人留下好印象。","你得学会和不同的人打交道，即使是不喜欢的同事，也要保持专业。","哈哈，秘诀就是保持乐观心态，像姐这样，每天都是元气满满！","A","154"
"223","小明想通过社交媒体认识新朋友，但不知道如何开始，向你寻求建议。
问题：在此情况下，对于小明说：“我最近想扩大一下社交圈，但不知道怎么在社交媒体上找新朋友，你有好建议吗？”，什么是最有效的回复？","你可以先加入一些兴趣小组，比如游戏、音乐或运动相关的，这样容易找到志同道合的朋友。","直接发个动态说你想交新朋友，让大家来加你，这样比较直接高效。","试着参与热门话题的讨论，积极评论和点赞，你的社交圈自然就扩大了。","你可以发起一个有趣的活动或者挑战，吸引别人来参与，这样交到的朋友会更有共同话题。","D","75"
"237","赵先生在社区公园注意到一位经常独自散步的邻居王先生，他想要结交王先生，但担心直接打招呼会显得突兀。
问题：在此情况下，对于赵先生说：“我想和邻居王先生交个朋友，但他总是独自散步，我不知道怎么接近他。”，什么是最有效的回复？","你可以带上一份小礼物，比如一本书或者一束花，以送礼物为由接近他。","找个机会在公园的休息区‘偶遇’，然后自然地开始聊天。","你可以带着你的宠物去散步，以宠物为话题自然地与他交流。","直接走过去说‘我看你经常一个人散步，我也是，不如我们结个伴？’，直率且友好。","B","79"
"572","王丽因为工作被派到国外分公司，她很想了解并融入当地文化，但苦于没有合适的方法。她向你寻求帮助。
问题：在此情况下，对于王丽说：“我想更好地了解这里的文化，但好像很难找到合适的途径。你有什么好办法吗？”，什么是最有效的回复？","你可以报名参加一些文化交流活动，那里会有很多和你一样的新人。","建议你读一些介绍当地文化的书籍，这样可以在出门前就有个大概的了解。","何不尝试一下当地的运动或爱好？比如橄榄球或者烹饪课，这会让你更快融入。","你可以加入当地的社区志愿者活动，这样既能帮助别人，也能深入了解当地文化。","C","191"
"465","王先生参加了社区组织的公益活动，想通过这个机会认识更多人，但他不确定如何在志愿活动中与人交流。
问题：在此情况下，对于王先生说：“我想在公益活动中认识新朋友，但不确定怎么开口，你有什么好建议？”，什么是最有效的回复？","你可以主动询问别人需要帮助的地方，助人为乐是结交朋友的好方式。","分享你参与公益活动的经历和感受，真诚的分享总能吸引人。","建议你带一些小工具，比如多带几瓶水，随时可以分享给别人，自然就有话题了。","别担心说话，微笑和行动就是最好的语言，别人会主动和你交流的。","A","155"
"55","小明和小红交往一段时间了，他想让两人的关系更加深入，希望和小红在心灵上更加依赖彼此，向你寻求建议。
问题：在此情况下，对于小明说：“我和小红的关系好像到了一个平台期，我想让我们的关系更近一步，怎么办呢？”，什么是最有效的回复？","你可以尝试和小红分享你的小秘密，让她觉得你在心理上更依赖她。","多找一些只有你们两个人才会理解其意义的小玩笑，增加彼此间的默契。","策划一次只有你们两个人的小旅行，共同的经历会让你们更亲近。","试试每天晚上睡觉前和她说说你的日常，让她习惯有你分享的生活。","B","19"
"549","王姐最近参加了一个在线的心理咨询小组，她发现自己在讨论中经常感到消极。她希望得到你的建议，以在小组中保持积极态度。
问题：在此情况下，对于王姐说：“我在心理咨询小组里总是很消极，怎么才能调整心态，更加积极呢？”，什么是最有效的回复？","王姐，有时候写出自己的感受也是一种释放，你可以尝试记录自己的心情变化。","或许你可以从小事做起，每天找一个正面的事情分享给大家，慢慢转变视角。","你可以找一个小伙伴，互相支持，一起分享，这样可以增加彼此的动力。","记得，改变不需要一蹴而就，慢慢来，每一次尝试都值得鼓励哦！","B","183"
"61","小芳发现男朋友小刚总是喜欢查看她的手机，虽然她并没有什么秘密，但还是觉得不舒服，想解决这个问题。
问题：在此情况下，对于小芳说：“我男朋友总是查我手机，我觉得很困扰，我该怎么办？”，什么是最有效的回复？","哈哈，你可以假装手机里有个搞笑的app，每次他查的时候都让他看那个，保证他以后不查了。","你可以和他坐下来谈谈，直接告诉他你不喜欢这样，希望他能尊重你的隐私。","下次他查你手机的时候，你也查他的，看他会是什么反应。","找个机会，当着他的面把手机扔水里，‘证明’你没有什么隐瞒的，不过这招有点贵哦。","B","21"
"371","李小姐发现她父母对于网络购物和社交媒体很陌生，她想要帮助父母适应这些社会变化。
问题：在此情况下，对于李小姐说：“我想帮爸妈了解一下网购和社交软件，但他们好像有点抵触，我该怎么做？”，什么是最有效的回复？","你可以告诉他们，现在网购特别划算，很多东西比实体店便宜，还能送货上门，特别方便。","建议他们先从微信开始用起，跟亲戚朋友聊天，慢慢就会觉得这些软件很有趣了。","跟爸妈说，学会了网购和社交，就能随时跟朋友分享生活，还能买到全国各地的特产呢。","可以假装网购很复杂，说需要他们的帮忙才能完成，这样他们可能会愿意尝试一下。","B","124"
"561","张先生被公司派到海外分公司工作，他在与当地员工合作时遇到了文化差异的挑战。他希望找到合适的方法来改善团队协作。
问题：在此情况下，对于张先生说：“我在海外工作，想和当地员工更好地合作，有什么建议吗？”，什么是最有效的回复？","你可以请当地的同事吃饭，了解他们的生活习惯，工作中也就更能理解彼此。","在正式场合，尽量穿着得体，以表示对当地文化的尊重。","鼓励团队成员分享各自的成功案例，让大家看到不同文化背景下的优点。","偶尔模仿一下当地的风俗习惯，开个玩笑，可以缓解工作紧张的气氛。","A","187"
"634","小刚参加了一个职业协会的聚会，他希望能在聚会中建立人脉，但不擅长社交。他向你寻求建议。
问题：在此情况下，对于小刚说：“我不太会和人打交道，怎样才能在聚会中认识更多人呢？”，什么是最有效的回复？","试试从食物下手，聊聊大家都在吃什么，美食总是一个安全的话题。","找个角落躲起来，等人来找你聊天，这样最省力了。","哈哈，你可以假装自己是个名人，看有没有人主动来跟你搭话。","你可以主动一点，去跟看起来和善的人打招呼，一般人都不会拒绝一个友好的微笑。","A","212"
"14","李强在办公室里注意到了新来的同事赵雪，他们因工作关系经常交流，李强对赵雪有了不一样的感觉，想表达但怕影响职场关系。
问题：在此情况下，对于李强说：“赵雪加入后，我感觉团队都活泼多了，我好像有点喜欢她。该怎么跟她说呢？”，什么是最有效的回复？","你可以开玩笑地说‘我们是不是除了工作，还可以发展点别的业务？’。","建议在办公室的休闲区域找个机会和她聊聊兴趣爱好，慢慢过渡到你的感觉。","邀请她参加你周末的聚会，说想让她放松一下，同时也是个表达好感的机会。","写一张小便条，说‘发现和你在一起工作的时候，心情特别愉快。’，然后悄悄放在她的桌上。","A","5"
"373","小强是一名高中生，他的父母都忙于工作，很少有时间陪伴他。在一次家长会上，小强的父亲向你咨询如何在忙碌中抽出时间陪伴孩子。
问题：在此情况下，对于小强的父亲说：“我真的很想多陪陪小强，但工作太忙了，我该怎么办呢？”，什么是最有效的回复？","你可以试试把工作带回家，在小强做作业的时候，你在一旁工作，这样也算是陪伴。","或许周末可以安排一次家庭活动日，全家人一起做些有趣的事情，增进感情。","你可以每天晚上睡前和小强聊聊天，了解他的学校生活，这样不需要太多时间，但效果很好。","直接给小强买些他喜欢的游戏或者玩具，让他自己玩，这样你也能专心工作。","B","125"
"295","小明和朋友们在课间休息时喜欢开些玩笑，但小明有时觉得玩笑开过头了，想设置一些界限。他向你寻求建议。
问题：在此情况下，对于小明说：“我朋友们开玩笑有点过分了，我想知道怎么才能设置界限又不会扫大家的兴呢？”，什么是最有效的回复？","你可以试着加入玩笑，然后巧妙地转向一个不那么敏感的话题。","直接告诉他们你不喜欢这样的玩笑，朋友间应该互相尊重。","你可以假装生气，让他们知道你不喜欢被这样开玩笑。","找个机会开个自己的玩笑，让大家知道你也有底线。","A","99"
"144","35岁的王哥发现他的妻子最近和一个旧同事走得比较近，他感觉到了婚姻中的危机，希望你能给他一些建议来挽回婚姻。
问题：在此情况下，对于王哥说：“我妻子和一个旧同事最近走得挺近的，我该怎么挽回这段婚姻呢？”，什么是最有效的回复？","找一个合适的时间，和妻子开诚布公地谈谈你的担忧和感受。","尝试给妻子更多的个人空间，有时候过于紧逼反而会适得其反。","委托一个侦探来调查妻子的行踪，以确认你的疑虑。","邀请妻子一起参加夫妻心理咨询，共同努力解决婚姻中的问题。","A","48"
"292","小明觉得他的好朋友小强总是不请自来地翻看他的手机，这让他感到不舒服，但又不知道怎么跟小强说。他向你寻求帮助。
问题：在此情况下，对于小明说：“我真的很喜欢小强这个朋友，但他老是不经我同意就看我的手机，我该怎么说才不会伤害他？”，什么是最有效的回复？","你可以直接告诉他，每个人都需要私人空间，希望他能尊重你的隐私。","哎，这还不简单，你就说手机里有秘密，不能给他看，让他好奇去吧！","换个角度，你可以说你的手机最近老出问题，怕被他弄坏了，所以不想给他看。","你可以买一个新手机，一个专门给他看的，里面放些搞笑的内容，保管他爱看！","A","98"
"64","小敏和小华是高中情侣，最近小敏感觉小华总是查看她的手机，让她感到不舒服，她希望你能给她一些建议来改善这种状况。
问题：在此情况下，对于小敏说：“我觉得小华不太信任我，总想查看我的手机，我该怎么办？”，什么是最有效的回复？","哈哈，你可以跟小华说你的手机里全是学习资料，查了会让他变学霸。","你可以找个时间和小华聊聊，告诉他每个人都有隐私，尊重是相互的。","下次他要看手机，你就说手机里有秘密，不能给他看，看他什么反应。","跟他说，如果他给你买一部新手机，你就把这部手机给他查个够。","B","22"
"189","张先生刚经历了一段感情的结束，想通过培养新的兴趣爱好开始新生活，但不确定自己该做什么，向你咨询。
问题：在此情况下，对于张先生说：“我想通过培养一些新的兴趣来重新开始，但不确定哪些适合我，你能给点建议吗？”，什么是最有效的回复？","品酒会是个不错的选择，不仅可以品味不同风味的酒，还能提升生活品味。","试试园艺吧，跟植物打交道能让你心情愉悦，还能让家里更温馨。","加入马拉松俱乐部，跑步不仅能锻炼身体，还能让你认识更多热爱生活的人。","也许可以学习一门外语，开启新的视野，没准还能遇到志同道合的朋友。","A","63"
"442","小杰和爷爷因为生活习惯的不同产生了矛盾，他不知道如何和爷爷沟通，感到很苦恼。他向你寻求帮助。
问题：在此情况下，对于小杰说：“我爷爷总是批评我的生活习惯，我觉得他不懂我，但又不晓得怎么和他讲。帮我想想办法吧。”，什么是最有效的回复？","你可以试试和爷爷一起看他喜欢的电视节目，趁机聊聊你的生活习惯，也许他会理解。","制作一张时间表，展示你的日常安排，跟爷爷解释你为什么这样做，可能会有帮助。","找个轻松的时候，给爷爷讲讲你的学校和朋友们，让他了解你的生活。","幽默一点，跟爷爷说‘我们就像不同季节的果实，各有各的味道’，这样也许能缓和气氛。","D","148"
"324","陈先生发现多年的好友李先生在关键时刻没有支持他，而是选择了对自己更有利的一方，他感到很沮丧。他向你咨询是否应该结束这段友情。
问题：在此情况下，对于陈先生说：“我没想到李先生会这样对我，是不是应该结束这段友情？”，什么是最有效的回复？","朋友也是人，都有自己的难处，可能他也有苦衷吧。","这么多年的友情说断就断？太可惜了，也许以后他会明白的。","是时候重新评估这段友情了，如果感觉不再对等，放手也未尝不可。","别太冲动，也许找他谈谈，你们之间的误会就能解开了。","C","108"
"640","小明是学校计算机俱乐部的成员，想提升自己在俱乐部中的领导力，但不知道从何入手。
问题：在此情况下，对于小明说：“我在计算机俱乐部好久了，想做得更好，但不知道怎么提升自己的领导力。”，什么是最有效的回复？","哈哈，你可以先组织一个小比赛，让大家看到你的组织能力。","你可以试试定期分享你的电脑小技巧，这样大家就更依赖你了。","要不你先从帮助新成员适应俱乐部开始，让大家感受到你的热情。","你可以装作不懂某个问题，然后让大家帮忙解决，提升团队协作能力。","A","214"
"666","张先生参加了一个户外徒步团体，成员们对徒步的路线和难度有不同的看法，张先生想要协调大家的意见。
问题：在此情况下，对于张先生说：“徒步团体里大家对路线的选择总是有不同意见，怎么才能让大家都能满意呢？”，什么是最有效的回复？","你可以提出‘领队轮换制’，每次活动由不同的人来规划路线，这样每个人都有机会按自己的想法尝试。","建议每次活动都提供几个不同的路线方案，然后大家投票决定，公平又有趣。","幽默地建议，把决定权交给大自然，比如用抛硬币的方式决定走哪条路线，增加活动的趣味性。","可以尝试把活动分成不同难度级别，让成员根据自身的条件选择参加，这样各取所需，皆大欢喜。","B","222"
"175","17岁的李雷和交往一年的女友分手了，他很受打击，想要做一些事情来报复前女友，但内心知道这样不对。他向你寻求帮助。
问题：在此情况下，对于李雷说：“我实在咽不下这口气，但又不想让自己变成一个烂人，我该怎么办？”，什么是最有效的回复？","嘿，与其浪费时间报复，不如去学习怎么变成更优秀的人，让她后悔去吧！","你可以画个圈圈诅咒她，至少心里会舒服点，哈哈。","别让自己的情绪做主，找几个朋友出去打球，把情绪发泄在球场上吧！","最好的报复是过好你的生活，让她知道没她你反而更精彩！","D","59"
"109","小情侣小敏和小华在一起一段时间了，最近小华发现小敏对亲昵行为有些冷淡，他不知道怎么改善这个情况，向你寻求帮助。
问题：在此情况下，对于小华说：“我觉得小敏最近对我有点冷淡，我想知道怎么样才能让她对我更亲密一些。”，什么是最有效的回复？","哈哈，你是不是太黏人了？给小敏一点空间，也许她只是需要一些个人时间。","你可以尝试和小敏一起看一些浪漫的电影或者做点情侣间的小游戏，增加一下彼此的亲密度。","开个小玩笑，问问她是不是外面有人了，当然，要开玩笑的语气哦。","和小敏好好聊聊，了解她的想法，看看是不是最近有什么烦恼的事情。","B","37"
"320","小莉发现她的朋友小娜在背后说她的坏话，她感到非常失望和伤心，想要重新找回生活的动力。她向你寻求建议。
问题：在此情况下，对于小莉说：“我没想到小娜会在背后那样说我，我现在真的很失望，不知道怎么办才好。”，什么是最有效的回复？","别让别人的错误影响你，你可以试试培养一个新的兴趣爱好来转移注意力。","这世界就是这样，看开点，至少你还能从中学习到识人的能力。","把这一切当作成长的一部分，或者你可以尝试和一些新朋友交往。","或许你应该直接和小娜谈谈你的感受，有时候面对问题才能解决问题。","A","107"
"103","小敏和小华在高中时期开始恋爱，两人面临高考，对未来有些迷茫，小敏希望和你探讨如何在规划未来时保持对彼此的信心。
问题：在此情况下，对于小敏说：“高考结束后，我们可能会去不同的城市，我很担心我们的关系，怎么办？”，什么是最有效的回复？","距离产生美，分开点对你们的关系是种考验，也是种成长。","先别想那么多，高考结束还是个未知数呢，船到桥头自然直。","建立一个共同的目标，比如一起去哪个大学或者城市，这样你们就有共同努力的方向了。","把担心转化为动力，只要你们彼此信任，就算相隔千里也不是问题。","C","35"
"169","小明最近失恋了，感到非常沮丧。他在学校里和朋友倾诉，希望能得到一些安慰和建议。
问题：在此情况下，对于小明说：“我失恋了，现在感觉好难受，你们说怎么办？”，什么是最有效的回复？","哎呀，旧的不去新的不来，周末我带你出去玩，保证让你忘了她！","别难过了，这说明你还有机会找到更好的，我们可以一起给你物色新的对象。","要我说，你这就是小孩子的恋爱，长大了就好了，别太放在心上。","失恋嘛，谁都会有，但重要的是学会从中吸取经验，变成更好的自己。","A","57"
"559","小明参加了一个国际夏令营，遇到了来自不同国家的同龄人。他想和大家交朋友，但担心因文化差异而产生误解。
问题：在此情况下，对于小明说：“我很想和来自不同国家的人交朋友，但怕说错话。有什么好办法吗？”，什么是最有效的回复？","你可以先了解他们的文化习俗，这样在交流时就不用担心触犯禁忌了。","别担心，说错话很正常，大家都是年轻人，一笑而过就没事了。","你可以多参与集体活动，通过共同的经历来加深彼此的了解和友谊。","最好的方法是讲一些全球通用的笑话，保证大家都能笑起来，气氛就好了。","C","187"
"443","小陈工作很忙，很少有时间回家看爷爷，爷爷觉得被忽略了。小陈想和爷爷沟通，但不知道怎么开口。
问题：在此情况下，对于小陈说：“我爷爷觉得我忽略了他，但我的工作真的很忙。我不知道怎么和他解释。”，什么是最有效的回复？","你可以给爷爷写一封信，表达你的爱和对他时间的珍视，有时候文字比言语更有力。","计划一次家庭聚会，让爷爷成为中心人物，让他感受到你的关心。","下次回家时，带爷爷去他喜欢的地方散散心，用行动告诉他你在乎他。","跟爷爷开个玩笑，说‘我这么忙，都是为了以后能给您买最好的礼物啊’，幽默中带点真实。","D","148"
"235","小敏在图书馆看到一位经常独自看书的同学小华，她很想和小华做朋友，但又不想打扰到小华的学习。
问题：在此情况下，对于小敏说：“我经常看到小华一个人在图书馆，我想和她交朋友，但不想打扰她。怎么办？”，什么是最有效的回复？","你可以留一张纸条在她的书里，写上你的想法，这样就不会直接打扰到她。","找个机会在图书馆外遇到她，然后说你也喜欢阅读，希望能交流一下读书心得。","直接过去跟她说‘我觉得你很酷，我们能做朋友吗？’，简单直接。","你可以先了解她喜欢什么书，然后找机会推荐一本你喜欢的书给她。","A","79"
"229","小明在学校的社团活动中认识了一位新同学，希望和新同学成为朋友，但担心忘记对方的名字和兴趣。
问题：在此情况下，对于小明说：“我在社团活动里认识了一个新同学，想和他成为朋友，但怎么才能记住他的名字和兴趣呢？”，什么是最有效的回复？","你可以重复他的名字几次，比如说‘你叫李雷对吧，真好记！’","试着用他的名字编一首歌，这样就不容易忘记了，哈哈。","跟他说‘我记性不好，能再告诉我一次你的兴趣吗？’直接表明你的意图。","你可以假装忘记他的名字，下次见面再问，他会再告诉你的，哈哈。","A","77"
"582","陈女士的邻居是一位刚从法国回来的退休老人，对中国的社区生活感到陌生，陈女士想帮助他适应。
问题：在此情况下，对于陈女士说：“我邻居刚从法国回来，对中国社区生活不太熟悉，我想帮帮他，有什么建议吗？”，什么是最有效的回复？","邀请他参加社区的晨练，比如太极，这对身体好，也能让他结交新朋友。","带他去社区的集市，让他感受中国的市井生活。","建议他加入社区的兴趣小组，比如书法或园艺，丰富他的退休生活。","和他分享一些附近的景点，鼓励他出去走走，熟悉周边环境。","A","194"
"633","张先生是某职业协会的资深成员，他希望在专业领域有更深入的突破。
问题：在此情况下，对于张先生说：“我在职业协会待了很多年，现在想在自己的专业领域有所突破，有什么好建议？”，什么是最有效的回复？","或许可以策划一个行业高峰论坛，邀请业内顶尖专家进行交流。","建议你写一本书，分享自己的职业经历和专业知识。","可以尝试开展一项新的研究，挑战一下自己。","专业突破？那得先从换一个新发型开始，改变从‘头’开始！哈哈。","A","211"
"95","小丽和小刚都在一家公司工作，小丽刚获得晋升需要频繁出差，而小刚希望稳定下来，他们不知道如何平衡彼此的职业规划。
问题：在此情况下，对于小丽说：“我升职了，但需要经常出差，小刚却希望生活稳定，我们该怎么协调呢？”，什么是最有效的回复？","出差的时候小刚可以当‘旅游代理’，规划你的休闲时间，这样就不浪费了。","或许你们可以尝试远程恋爱，出差归出差，每晚视频聊天不就解决了。","简单，小刚转行做快递，你走到哪，他就递到哪，这样就不用分开了。","认真点说，你们可以设立共同目标，职业发展都向这个目标靠拢，就不会有太大分歧了。","D","32"
"453","李女士的侄子即将迎来第一个孩子，李女士想要给侄子一些育儿经验，但不知道如何在不显得越界的情况下提供帮助。她向你寻求建议。
问题：在此情况下，对于李女士说：“我侄子马上要当爸爸了，我想给他一些建议，但又怕他觉得我管得宽。我该怎么办呢？”，什么是最有效的回复？","你可以分享一些你自己的育儿趣事，让他知道你会是一个有经验的帮手。","送他一些育儿书籍，然后告诉他有问题可以随时找你。","在他们需要的时候提供帮助，不需要的时候给他们空间，这就是最好的支持。","办一个婴儿用品派对，让大家一起给侄子出谋划策，这样就比较轻松啦。","B","151"
"114","李女士和她的伴侣王先生在一起多年，最近李女士感觉王先生在亲密关系上有些过于主动。她想要和王先生沟通，但担心会伤害到他的自尊。她向你寻求建议。
问题：在此情况下，对于李女士说：“我想和王先生谈谈我们之间的亲密关系，但我不知道如何才能不伤害到他。”，什么是最有效的回复？","你可以提议一起参加一个情侣沟通工作坊，这样有专业人士引导会更容易沟通。","用一种轻松的语气，比如说‘亲爱的，让我们试着放慢一点节奏’。","写一封信，把你的感受和想法写下来，这样比较不紧张。","或者，安排一个浪漫的晚餐，在轻松的氛围下谈谈你的感受。","B","38"
"17","小李和同事小丽互有好感，开始尝试约会。但他们的话题总是围绕工作转，小李希望改变这一现状，想更深入了解小丽的内心。
问题：在此情况下，对于小李说：“每次跟小丽出去，聊的都是工作，我想知道她的个人世界是什么样的，怎么办？”，什么是最有效的回复？","建议你们一起参加个兴趣班，比如烹饪或艺术，这样可以聊聊除了工作之外的话题。","下次约会，选个有话题性的餐厅，比如有特色的主题餐厅，让环境帮你们打开话匣子。","直接点，告诉她你对她的个人生活很好奇，想多了解了解。","买本有趣的书籍送她，然后讨论书中的内容，慢慢话题就深入了。","A","6"
"420","李先生和他弟弟因生活观念不同常常有小摩擦，他想改善他们之间的关系，让家庭更和睦。
问题：在此情况下，对于李先生说：“我想跟我弟改善关系，但不知道怎么入手，你有没有什么好主意？”，什么是最有效的回复？","你可以找个时间，坐下来和他开诚布公地谈谈心，有时候沟通就是最好的桥梁。","一起参与家庭活动，比如带孩子们去动物园或者一起装修房子，共同的目标可以减少摩擦。","试着从他的兴趣入手，比如和他一起去看他喜欢的球赛，共同兴趣可以拉近人的距离。","偶尔给他发一些正能量的文章或者搞笑的段子，轻松的氛围有助于缓解紧张的关系。","B","140"
"619","小刚是一名大学生，他对参加行业交流会议非常感兴趣，想通过网络寻找合作机会，但不知道如何开始。
问题：在此情况下，对于小刚说：“我想要通过行业网络找到一些合作机会，但不知道怎么入手，能给点建议吗？”，什么是最有效的回复？","哈哈，你可以假装自己是个行业专家，然后在论坛上发几个‘高深’的帖子，看有没有人上钩。","你可以先加入一些行业微信群，然后观察大家都在聊什么，慢慢找到可以合作的人。","试试在行业相关的社交媒体上关注一些大佬，然后给他们发私信，展示你的热情和才华。","最简单了，直接在行业论坛上发个‘求合作’的帖子，然后坐等别人来找你。","B","207"
"434","小陈工作很忙，很少有时间陪奶奶。他想找一种方式来加强与奶奶的情感联系。他向你寻求建议。
问题：在此情况下，对于小陈说：“我想多陪陪奶奶，但不知道怎么在忙碌中找到时间。你有什么好方法吗？”，什么是最有效的回复？","你可以每周固定打一个电话给奶奶，聊聊天，听听她的近况。","建议你利用周末时间和奶奶一起看老电影，共享美好时光。","你可以教奶奶使用智能手机，这样你们就可以经常视频聊天了。","邀请奶奶参加你的朋友聚会，让她感受一下年轻人的氛围。","A","145"
"283","小明的好朋友小华经常让他帮忙做作业，小明感到有些压力，想设定界限但又怕伤害到小华。
问题：在此情况下，对于小明说：“我该怎么跟小华说，我不想总是帮他做作业，但又不想失去这个朋友？”，什么是最有效的回复？","你可以告诉小华，你的作业也很多，你们可以一起学习，但不一定能帮他完成所有作业。","找个机会开玩笑说，如果你的手断了，他就得自己完成作业了，看看他什么反应。","直接跟他说，你希望他有困难时先自己尝试解决，你不想他过度依赖你。","建议他找老师或者别的同学帮忙，说你相信别人也会很乐意帮助他。","B","95"
"525","张先生加入了一个中老年人社交群，他希望能在群里分享自己的生活经验，并建立一定的影响力。他向你寻求帮助。
问题：在此情况下，对于张先生说：“我想在社交群里分享一些生活经验，但不知道怎么才能吸引大家的注意。有什么好方法吗？”，什么是最有效的回复？","你可以写一些关于养生的小文章，现在这个话题很受关注。","上传一些你自己制作的手工艺品照片，同时分享制作过程，肯定有人感兴趣。","你可以尝试发起一些旅游经历分享的话题，让大家了解不同的风土人情。","哈哈，偶尔发一发你年轻时的一些‘复古’照片，让大家一起怀旧，也是很吸引人的。","A","175"
"594","张先生在一个国际论坛上发言，结束后他想和与会的外国朋友更深入地交流，展示中国形象。
问题：在此情况下，对于张先生说：“我在论坛上发言后，想和外国朋友更好地交流，展示中国的现代形象，你们觉得怎么做比较好？”，什么是最有效的回复？","跟他们介绍中国的‘新四大发明’，比如移动支付和共享单车。","邀请他们参加一个小型的中国艺术展览，感受中国的艺术氛围。","讲述中国的现代化城市发展和科技创新的故事。","推荐他们阅读一些介绍中国的书籍，深入了解中国的历史与现代发展。","A","198"
"673","小明加入了一所新学校的篮球队，他希望能和队友建立良好的团队合作精神，但不知道从何入手。他向你寻求建议。
问题：在此情况下，对于小明说：“我想和队友们建立更好的团队精神，但我不知道怎么做。你能给我点建议吗？”，什么是最有效的回复？","你可以组织一次团队外出活动，比如去郊游或者看场电影，这样可以增进大家的友谊。","在训练的时候多鼓励队友，即使他们犯了错误也不要责怪，团队精神就是这样培养的。","你可以先从了解每个人的喜好开始，这样才能找到共同的兴趣点。","试试在训练后请大家吃披萨，食物是拉近距离的好方法，哈哈。","D","225"
"247","小明发现新转学来的同学小华经常一个人吃午饭，看起来有点孤单。小明想和小华建立友谊，但不知道如何伸出援手。
问题：在此情况下，对于小明说：“我注意到小华经常一个人吃午饭，我想和他做朋友，但不知道怎么帮助他。”，什么是最有效的回复？","你可以直接邀请他和你一起吃午饭，说‘嘿，一个人吃饭多无聊，加入我们吧！’","你可以先和小华分享一些学习资料，慢慢找机会接近他。","找个机会，比如在体育课上，主动和小华一组，这样比较自然。","你可以送他一些小零食，说是妈妈做的，太多吃不完，希望他帮忙。","A","83"
"361","小敏想跟父母沟通自己选择艺术专业的决定，但担心他们不理解。她向你寻求建议。
问题：在此情况下，对于小敏说：“我真的很喜欢画画，但爸妈觉得学艺术没前途。怎么才能让他们理解我呢？”，什么是最有效的回复？","你可以画一幅画送给他们，用你的作品来说话，比千言万语都有力。","试试跟他们讲知名艺术家的故事，证明学艺术也能有很好的未来。","找个时间跟爸妈看场艺术展，让他们感受一下艺术的魅力。","哈哈，那就好好准备一份‘艺术改变生活’的演讲稿，用你的热情感染他们吧！","A","121"
"266","小李和小王是大学时期的室友，毕业后联系渐少。小李希望能和小王重新建立深层次的友情联系。他向你寻求建议。
问题：在此情况下，对于小李说：“我想和小王重新变得像大学时那样亲密，但不知道怎么开始。有什么好主意吗？”，什么是最有效的回复？","提议来一次室友聚会，重温一下大学时光，这一定能拉近你们的距离。","开始个小习惯，每天给小王发一个有趣的短视频或者段子，让聊天自然而然地开始。","找个周末一起去爬山或者健身，身体活动也是增进友谊的好方法。","直接一点，跟小王说你想他了，想约他出来聚聚。有时候直接表达最有效。","A","89"
"473","小李希望能在社区中组织一次捐书活动，但他不确定如何让更多的人知道并参与进来。他向你寻求帮助。
问题：在此情况下，对于小李说：“我想办一个捐书活动，想问问怎么才能让更多人参与进来？”，什么是最有效的回复？","可以联合社区中心，利用他们的公告板和邮件系统来宣传活动。","创建一个活动页面，让居民在线上就能了解活动详情和捐书方式。","在社区内设置几个醒目的捐书箱，让大家知道活动的便捷性。","组织一个小型的启动仪式，邀请社区内有影响力的人来参加，提高活动知名度。","B","158"
"149","李女士发现她的伴侣王先生最近总是和一个女同事发信息，虽然王先生解释说只是工作，但她感到很不安，想要重新建立信任。
问题：在此情况下，对于李女士说：“我觉得他不再信任我了，我们之间出现了裂痕，我该如何是好？”，什么是最有效的回复？","那就检查他的手机啊，看看他们到底在说什么！","建议你们一起参加一个情侣工作坊，学习如何增强信任感。","找个时间，两人一起去旅行，远离工作和干扰，也许能修复关系。","不如你也找个‘工作伙伴’聊聊，看他怎么想！","B","50"
"88","小强和小芳在谈恋爱，但小强发现小芳家庭条件比自己好很多，这让他感到有些自卑，不知道怎么处理这种心理。他向你寻求建议。
问题：在此情况下，对于小强说：“小芳家条件很好，我觉得自己配不上她，怎么办？”，什么是最有效的回复？","这有什么，你多学学她怎么过高端生活，也提升一下自己的档次。","别担心，爱情又不是比赛，谁家条件好谁就赢，重要的是你们相互喜欢。","你可以跟小芳谈谈你的担忧，真正的关系是经得起沟通的。","家家有本难念的经，说不定小芳还羡慕你自由自在的生活呢。","B","30"
"40","小明喜欢班上的小红好久了，想在毕业前向她表白。但他不知道在什么时机和场合表白比较合适，希望得到你的建议。
问题：在此情况下，对于小明说：“我想向小红表白，但怕选错时间和地点，你觉得我什么时候去表白好呢？”，什么是最有效的回复？","就在毕业典礼上，当大家都沉浸在喜悦的气氛中，你的表白会更感人。","找个周末，约她去你们第一次见面的地方，怀旧一下再表白，多浪漫啊！","最好是她在考试中取得好成绩的时候，她心情好，你的成功率也高。","直接在课间休息的时候，当着全班的面表白，多有勇气！","B","14"
"161","小李和小王相恋多年，最近小李感觉两人的感情似乎淡化了，他不知道这是否意味着两人的关系即将结束。
问题：在此情况下，对于小李说：“感觉最近和小王的感情淡了，这是不是说明我们应该分手了？”，什么是最有效的回复？","别急，也许这只是感情进入了稳定期，你们可以试着回忆一下当初的甜蜜，重燃激情。","可能你们需要一次深入的沟通，了解彼此现在的需求和期待。","别太敏感，有时候生活压力大会导致感情暂时降温，一起度个假可能就好了。","哈哈，或者你们可以假装分手一天，看看彼此是不是真的离不开对方。","A","54"
"643","小明加入了学校的摄影俱乐部，他希望能在这里结识到志同道合的朋友，但他比较内向，不知道如何主动和大家交流。
问题：在此情况下，对于小明说：“我在摄影俱乐部看到很多同学都很厉害，我想和他们交朋友，但不知道怎么开口。”，什么是最有效的回复？","你可以先分享你的摄影作品，让大家看到你的实力，自然会有人主动找你交流。","找个机会借别人的相机玩玩，通过这个机会去搭讪，摄影爱好者都爱聊器材。","你可以参加俱乐部组织的摄影活动，活动现场肯定有很多交流的机会。","试试看在俱乐部群里发个有趣的摄影挑战，肯定有人会响应你的挑战。","D","215"
"44","小李向同事小赵表达了爱意，但小赵表示只愿意和他保持同事关系。小李感到有些失落，但仍想在工作中保持友好关系。他向你寻求建议。
问题：在此情况下，对于小李说：“我向小赵表白了，但她只想和我做同事。我该怎么调整心态？”，什么是最有效的回复？","哎呀，职场上哪有那么多风花雪月，专心工作吧，升职加薪才是王道！","你可以自嘲一下，说‘看来我得把这份热情投入到工作中了’，这样可以缓和一下气氛。","保持专业，像什么都没发生过一样继续合作，时间久了，你们的关系自然就回暖了。","找个机会表达一下你的大方和理解，比如说‘我理解你的立场，我们还是最好的同事。’","B","15"
"667","小明加入了学校的篮球队，一开始充满热情，但随着时间的推移，他开始感到疲惫，想放弃。他向你寻求建议。
问题：在此情况下，对于小明说：“我开始觉得打篮球没意思了，有时候真想放弃，但我又不想让队友失望。我该怎么办？”，什么是最有效的回复？","嗨，每个人都会有低谷期，你可以尝试换个小目标，比如提高投篮准确率，找找新鲜感。","和队友们一起看场篮球比赛，那份激情可能会让你重新找回热情。","别担心，篮球队里肯定有和你一样想法的人，你们可以互相鼓励，一起克服困难。","试试这个，把打篮球当成和朋友们玩耍的时间，而不是一项任务，可能会更有趣哦！","D","223"
"353","王爸爸注意到读大学的女儿似乎对于恋爱和性知识有些迷茫，想找个合适的机会和她沟通。
问题：在此情况下，对于王爸爸说：“最近有没有什么心里困惑的事情，比如恋爱方面的，可以跟爸爸说说？”，什么是最有效的回复？","爸爸，你真是个暖男，我确实有点困惑，想听听你的意见。","哦，这个话题啊，我更愿意和妈妈聊，不过爸爸的意见肯定也很重要。","爸爸，你是不是在偷看我的手机？不过，聊聊也好，我也想听听成年人的看法。","哈哈，爸爸，你突然这么正式，我还有点不习惯呢，不过咱们可以聊聊。","D","118"
"182","小李刚经历了一段感情的结束，她想要从这段关系中学习并成为更好的自己。她向你寻求建议。
问题：在此情况下，对于小李说：“刚结束了一段关系，我想变得更好，有什么好方法吗？”，什么是最有效的回复？","听说读写是个好方法，你可以尝试写日记，记录下这段经历教会了你什么。","或许你应该去旅行，看看不同的世界，也给自己一个全新的开始。","别忘了，运动能分泌内啡肽，让你快乐起来，去健身房吧！","把重心放在工作上吧，成为职场女强人，让前任后悔去吧！","A","61"
"218","小李在瑜伽课上注意到一个新来的学员，她觉得和这位学员可能有共同话题，想结交她。
问题：在此情况下，对于小李说：“我想和瑜伽课上的一个新同学交朋友，有什么自然的开场白吗？”，什么是最有效的回复？","你可以聊聊瑜伽服，说‘你的瑜伽服真好看，在哪买的？’","问她对某个瑜伽动作的看法，比如‘我觉得这个动作挺难的，你怎么看？’","分享一个瑜伽小技巧，然后说‘我注意到你也是瑜伽爱好者，可以交流一下吗？’","直接告诉她‘我发现我们总是在这个时间上课，你也是个瑜伽狂热者吧？’","D","73"
"500","小李在非营利组织做志愿者，最近因为工作繁忙，感觉很难保持之前的热度。他向你寻求建议。
问题：在此情况下，对于小李说：“最近好忙，感觉没有时间精力去做好志愿工作了，有没有什么好方法可以保持热情呢？”，什么是最有效的回复？","保持热情就像保持恋爱一样，需要点小惊喜。试着改变一下志愿活动的方式，给它来点新鲜感！","时间就像海绵里的水，挤一挤总会有。你可以试试更有效地安排时间哦。","或许该找个时间跟志同道合的人聊聊，他们的经历可能会给你带来新的动力！","想想看，每次你做志愿工作的时候，都是在为自己的简历增添亮点呢！","A","167"
"163","小敏发现和男友的感情最近变得越来越平淡，想为彼此创造一些新的回忆，却不知道从何开始。她向你寻求建议。
问题：在此情况下，对于小敏说：“我和男友最近感觉没什么新鲜感了，想做一些特别的事，你有什么好主意吗？”，什么是最有效的回复？","你们可以一起尝试一些新的活动，比如攀岩或者滑板，刺激的事情能让感情迅速升温。","重温一下你们第一次约会的地方，有时候怀旧也是一种创造新回忆的方式。","找个周末一起去近郊的森林里露营，大自然的氛围会让你们有不一样的感觉。","一起报名参加一个舞蹈班，既能锻炼身体，又能让你们的感情重新热络起来。","A","55"
"637","小明是学校编程社的成员，近期社团内部因为项目方向产生了分歧，他感到很烦恼，不知如何是好。
问题：在此情况下，对于小明说：“我觉得我们社团最近氛围很紧张，大家对项目方向意见不统一，我该怎么办？”，什么是最有效的回复？","哈哈，这说明你们社团充满活力啊！你可以提议搞个‘编程马拉松’，看哪个团队的项目最有前景。","别担心，这就是成长的烦恼！你可以尝试中立，把大家的意见都记录下来，然后找个时间一起讨论。","或许你可以组织一次团建活动，让大家放松一下，有时候玩得开心了，问题就解决了。","别太放在心上，这种事很正常。你可以私下找每个人聊聊，也许能找到共同点。","A","213"
"455","小李的表妹小芳正在上高中，最近成绩下滑，小李想帮忙，但不知从何入手。他向你咨询。
问题：在此情况下，对于小李说：“我表妹最近成绩不好，我想帮她，但不知道怎么开口，怕伤到她自尊心。”，什么是最有效的回复？","直接和她聊聊，说你在她这个年纪也遇到过困难，想分享一下经验。","建议她找辅导老师，说这样能针对性地解决问题。","买一些学习资料给她，说希望这些能帮到她。","找个机会带她去玩，放松一下，可能她最近压力太大了。","D","152"
"684","王哥是业余羽毛球队的成员，他希望自己在比赛中能发挥更好，同时也想提升整个队伍的气氛。
问题：在此情况下，对于王哥说：“我想在羽毛球上有所作为，也想让我们的队伍更有活力。有什么好主意吗？”，什么是最有效的回复？","王哥，你可以试试带领大家做点有趣的赛前热身，提提士气！","参加一些教练培训班，提升自己的同时，也可以帮助队友。","组织一些小比赛，内部竞争也能促进大家的进步。","偶尔请大家吃个饭，团队的凝聚力有时候是从一顿饭开始的。","C","228"
"346","小强最近对学习失去了兴趣，他的父母非常担心，想和你讨论如何引导他重新燃起对学习的热情。
问题：在此情况下，对于小强的妈妈说：“孩子最近总说学习没意思，我们该怎么激励他呢？”，什么是最有效的回复？","跟小强说学习就像打游戏，每一关都有奖励，不过这个游戏的终极奖励可是人生的成功哦！","建议小强尝试参加学校的兴趣小组，可能会在学习中找到新的乐趣。","跟小强说，学习能让他变得更聪明，将来就能赚更多钱买他喜欢的东西。","可以带小强去参观一些高科技公司，让他看看学习好的人都在做什么酷炫的事情。","A","116"
"158","小情侣小雅和小强工作后聚少离多，感情变得平淡。小雅想调整心态，珍惜彼此。她向你寻求建议。
问题：在此情况下，对于小雅说：“我和小强最近都忙于工作，感觉我们的感情变得平淡了。我想调整心态，让我们的关系变得更好，你有什么建议吗？”，什么是最有效的回复？","你可以和小强制定一个共同的假期计划，比如一起去旅行，给你们的感情注入新鲜活力。","尝试每周固定一个时间，比如周末，和小强一起度过一个愉快的二人世界。","建议你们每天晚上睡觉前通个电话，分享一下彼此的生活，让彼此感受到关爱。","你可以写一封信给小强，表达你对他的思念和珍惜，相信他会感受到你的心意。","B","53"
"399","王哥和王妹都已中年，因为父母年迈需要照顾，他们需要建立更牢固的信任关系来共同面对家庭责任。
问题：在此情况下，对于王哥说：“妹妹，爸妈年纪大了，我们需要一起承担家庭责任，你觉得呢？”，什么是最有效的回复？","对啊，我们可以轮流照顾爸妈，或者请个家政帮忙，不会太累的。","家庭责任嘛，当然是一起承担，不过我们先来个家庭聚会怎么样？","王哥，你放心，咱们可是最棒的兄妹档，一起加油！","我觉得我们可以制定一个计划表，这样责任分配就清晰多了。","A","133"
"304","小敏发现好朋友小丽在背后说她坏话，很伤心。但实际上是误会，小丽只是在讨论一部电影的剧情。小敏想澄清误会，向你寻求建议。
问题：在此情况下，对于小敏说：“我听说小丽在背后说我的坏话，但我相信她不是这样的人。我该怎么澄清这个误会呢？”，什么是最有效的回复？","直接找小丽对质，看看她怎么解释！","哈哈，你可以开玩笑地问她是不是在背地里成了电影评论家。","先别急，找个合适的时机跟小丽聊聊，看看她是不是有话想说。","建议你装作不知道，观察她接下来会不会再这么做。","B","102"
"485","小李在公司的年度晚会上演讲时，突然PPT出现问题，显示不出来，大家都看着她，她很紧张，向你求助。
问题：在此情况下，对于小李说：“我的PPT出故障了，现在大家都看着我，感觉好尴尬，我该怎么办？”，什么是最有效的回复？","你可以幽默一下，说‘看来我的演讲太精彩，连PPT都自愧不如了’。","保持冷静，简单地概述一下PPT的内容，继续你的演讲。","告诉观众技术团队正在解决问题，同时分享一个与演讲主题相关的小故事。","直接向大家道歉，然后让大家休息一下，等PPT修好了再继续。","A","162"
"212","李女士跳槽到了一个新的城市，想要拓展自己的人际关系，结交新朋友，但她的工作很忙。
问题：在此情况下，对于李女士说：“我工作太忙了，感觉很难抽出时间来认识新朋友，怎么办呢？”，什么是最有效的回复？","你可以试试在下班后参加一些附近的健身课程，运动中也能认识朋友。","利用午餐时间在公司食堂多和大家交流，工作之余也可以建立友谊。","或许可以尝试网络社交，比如参加一些在线的兴趣小组，这样不受时间地点限制。","周末的时候，何不尝试去一些艺术展览或者音乐会？那里的人通常比较有趣。","A","71"
"301","小强因为一场篮球赛的最后一投和小明发生了争执，两人关系陷入僵局。小强想解决问题，但不知如何是好。
问题：在此情况下，对于小强说：“我和小明因为比赛的事闹掰了，我不想失去这个朋友，我该怎么办？”，什么是最有效的回复？","哈哈，多大点事，下次比赛你故意输给他，保准和好如初。","找个机会请他吃汉堡，美食面前，什么矛盾都能化解。","你可以先道歉，承认自己当时太冲动了，友谊可是比比赛重要哦。","别担心，时间会治愈一切的，过段时间自然就好了。","B","101"
"526","小刚刚加入了一个网络游戏社群，他想和社群里的其他成员建立友谊，但不知道如何在群聊中引起大家的注意。
问题：在此情况下，对于小刚说：“我加入了新游戏群，但不知道怎么和大家打成一片。能给点建议吗？”，什么是最有效的回复？","你可以分享一些搞笑的游戏截图或者视频，让大家笑一笑。","试试发一个有趣的游戏挑战，看谁能够完成。","主动问大家喜欢什么游戏角色，这样可以找到共同话题。","发起一个投票，看群里最喜欢哪一款游戏装备。","A","176"
"406","小明因为成绩比哥哥好而感到嫉妒，他向作为哥哥的朋友你寻求帮助，希望你能给他一些建议。
问题：在此情况下，对于小明说：“我哥哥最近有点生我气，就因为上次我成绩比他好。我该怎么办呢？”，什么是最有效的回复？","哈哈，下次考试故意做错几题，让他高兴高兴。","你可以找个机会和哥哥一起做点他擅长的事情，让他知道你也很欣赏他。","这简单，直接跟他说你运气好，下次他肯定能超过你。","干嘛那么认真，成绩又不代表一切，你们兄弟俩都是各有各的优点嘛。","B","136"
"357","李女士发现她上高中的儿子最近开始撒谎，她很担忧，想要找到一种合适的教育方法。
问题：在此情况下，对于李女士说：“我儿子最近总撒谎，我该用什么方法才能让他明白诚实的重要性呢？”，什么是最有效的回复？","建议她开诚布公地和儿子谈谈，了解他撒谎的原因。","让她给儿子读一些关于诚实重要性的故事，用故事启发他。","建议设立一个‘家庭诚实日’，鼓励家庭成员之间只说真话。","提议她带着儿子一起看一部关于诚信的影片，然后讨论影片中的主题。","A","119"
"315","陈先生发现他的老朋友林先生在业务上做了对他不利的事情，他感到很失望，但又不想轻易结束这段多年的友情。
问题：在此情况下，对于陈先生说：“我和林先生是多年的朋友了，但我没想到他会在工作上这样对我。”，什么是最有效的回复？","成年人的世界很复杂，可能他也有他的难处，试着和他沟通一下吧。","友谊归友谊，工作归工作，你可以和他明确界限，但不必因此影响友情。","这种事情不能再忍，直接和他绝交，让他知道你的底线。","不如找一天约他出来喝一杯，说说你的感受，也听听他怎么解释。","D","105"
"156","李女士和她的丈夫结婚多年，感情逐渐变得冷漠。她想要找回他们之间的激情，向你寻求建议。
问题：在此情况下，对于李女士说：“我和丈夫结婚多年，现在感觉我们的关系越来越冷淡，我该怎么办？”，什么是最有效的回复？","和丈夫一起安排一个‘约会之夜’，重温一下二人世界的浪漫。","共同参与一项社会活动或志愿服务，一起为一个共同目标努力。","给对方写一封情书，回顾一下你们一起走过的日子，表达你的爱意。","尝试一些新的体验，比如一起学习摄影或者参加一个品酒会。","A","52"
"364","小杰和他父母在照顾新生儿方面有不同看法，他父母更相信传统方法，而小杰倾向于采用更科学的方式。他向你寻求如何和父母沟通。
问题：在此情况下，对于小杰说：“我爸妈总是按老方法照顾宝宝，我想用科学的，怎么和他们说呢？”，什么是最有效的回复？","哈哈，你可以跟他们说现在是新时代，连恐龙都进化成人类了，育儿方法也得跟上时代啊！","你可以找一些权威的育儿资料给爸妈看，有时候专家的话比儿女更有说服力。","试试以幽默的方式提出，比如说‘宝宝不是古董，不需要复古养育法’。","或者做个交换条件，先按他们的方法试试，如果不行再按你的来。","C","122"
"663","王哥是钓鱼爱好者，他想在钓鱼群内分享自己的钓鱼技巧和心得。
问题：在此情况下，对于王哥说：“我在钓鱼上有点研究，想和群里的钓友们分享一下，不知道怎样做更合适。”，什么是最有效的回复？","你可以写一篇详细的钓鱼攻略，图文并茂，然后发到群里给大家学习。","在下次集体钓鱼活动时，现场给大家演示你的技巧，实际操作往往更有说服力。","创建一个短视频系列，一步步展示你的钓鱼技巧，然后分享到群里。","组织一个小型的钓鱼技巧研讨会，邀请群内成员参加，增进大家的交流。","C","221"
"649","小明在学校的围棋俱乐部中资历较浅，他发现和其他成员之间既有竞争也有合作，不知道如何平衡这种关系，向你寻求建议。
问题：在此情况下，对于小明说：“我在围棋俱乐部里不知道怎么跟其他成员相处，有时候好想赢他们，但又想跟他们做朋友。”，什么是最有效的回复？","哈哈，你可以赢了比赛后请他们吃零食，这样既显示了你的实力，又体现了友谊。","试试看在比赛中故意放水，让他们赢一把，关系不就缓和了吗？","你可以跟他们分享你的学习经验，这样大家都会觉得你很棒，愿意跟你合作。","竞争与合作不矛盾，就当是在练习社交技巧吧，每次互动后反思一下，你会越来越厉害的。","A","217"
"311","小李和小张是同事，两人业绩竞争激烈。最近小李因为被提拔而小张感到不满，导致关系紧张。小李想缓解这种状况。
问题：在此情况下，对于小李说：“我升职后，小张好像对我有意见了。我该如何改善我们之间的关系呢？”，什么是最有效的回复？","邀请小张下班后一起去喝一杯，顺便聊聊彼此的看法。","在工作上找到和小张合作的机会，展现你的诚意。","直接和小张说，‘我知道你也很努力，希望我们能公平竞争。’","幽默地跟小张说，‘看来我要小心了，你的“眼神杀”快要让我投降了。’","A","104"
"141","张先生发现他妻子的舞伴似乎对她有超出普通朋友的好感，张先生很担心但又不想因此影响夫妻关系。他向你寻求建议。
问题：在此情况下，对于张先生说：“我妻子的舞伴好像对我妻子有意思，我该怎么处理这种情况？”，什么是最有效的回复？","禁止你妻子再和那位舞伴跳舞。","和那位舞伴进行一次男人之间的对话。","装作不知情，但开始频繁出现在妻子的舞蹈课中。","和妻子开诚布公地谈谈，表达你的担忧，并一起寻找解决方案。","D","47"
"622","小刚在学校的计算机社团认识了很多志同道合的朋友，但最近他发现社团里的竞争变得激烈，他不知道如何处理这种竞争关系，向你寻求建议。
问题：在此情况下，对于小刚说：“最近社团里的竞争好激烈，感觉有点不知道怎么跟大家相处了。你能给我出出主意吗？”，什么是最有效的回复？","竞争是好事啊，说明你们都在进步。你可以提议大家一起合作，共同完成一个项目，增加团队精神。","你可以组织一个小比赛，让大家都有机会展示自己的才华，这样既可以竞争也可以学习。","别太放在心上，每个人都有自己的长处，你只要专心做好自己份内的事就行了。","试试看给每个人分配不同的任务，发挥各自的优势，这样就不会有太多直接的竞争了。","A","208"
"564","张先生在社区的多元文化活动中结识了来自南美的王女士，他想与王女士建立更深层次的了解和友谊。
问题：在此情况下，对于张先生说：“我想和王女士有更深的交流，但不知道怎么突破文化差异。”，什么是最有效的回复？","邀请王女士参加您家的家庭聚会，让她体验中国的家庭文化，同时你也可以了解她的家庭生活。","和王女士一起参加一个舞蹈工作坊，通过学习对方国家的舞蹈来加深文化交流。","共同参与一项社区志愿服务活动，通过合作体验不同的社区文化。","你可以推荐一些中国文学书籍给王女士，并请她也推荐一些她们国家的书籍给你。","A","188"
"117","中年夫妻张先生和王女士在婚姻生活中遇到了一些生理问题，张先生想要和王女士讨论，但担心会影响彼此的感情。
问题：在此情况下，对于张先生说：“我们有些问题需要面对，但我怕提出来会让王女士不高兴。我该怎么说？”，什么是最有效的回复？","可以试试看一起看相关的影片或者书籍，自然而然地引出话题。","选择一个轻松的环境，比如说散步时，然后诚恳地表达你的担忧和想法。","建议找一个专业的人士进行咨询，把专业人士的意见作为讨论的开端。","用幽默的方式提出，比如说‘你看，我们是不是也该更新一下我们的生理知识库了？’","B","39"
"153","赵先生和太太结婚多年，最近发现两人之间的感情似乎变淡了，赵先生希望有所改变，向你咨询。
问题：在此情况下，对于赵先生说：“我和太太最近关系有点冷淡，想找回以前的感觉，你有什么好主意吗？”，什么是最有效的回复？","重拾以前的爱好吧，比如一起跳舞或参加烹饪课，重温当年的激情。","安排一次只有你们两人的小旅行，重燃旧日的浪漫。","每天找时间聊聊彼此的生活，重新建立沟通的桥梁。","参加夫妻心理咨询，有时候第三方的介入会让事情变得更容易解决。","A","51"
"79","小芳和小华是高中情侣，小芳喜欢干净整洁，而小华则比较随性。小芳因为小华的不整洁感到烦恼，向朋友寻求建议。
问题：在此情况下，对于小芳说：“小华总是乱丢东西，我跟他提过好几次了，但他就是不改，我该怎么办？”，什么是最有效的回复？","哈哈，你可以跟他说，如果他把房间收拾干净，你就给他一个惊喜，没准他会有动力。","或许你应该让他体验一下乱糟糟的环境有多不舒服，比如故意弄乱一次他的房间。","你可以试试制定一个分工表，每个人都有负责的区域，这样可能会好一些。","别太较真了，男生嘛，都是这样大大咧咧的，习惯就好。","A","27"
"118","小芳和小李在一起半年了，两人感情很好，但小芳最近感觉在亲密关系中有些压力，不知道怎么处理。她向你寻求建议。
问题：在此情况下，对于小芳说：“我和男友关系很好，但最近感觉有点压力，不知道怎么才能在亲密关系中保持心理健康。”，什么是最有效的回复？","嘿，放轻松点，试着和男友开诚布公地聊聊你的感受，沟通是关键。","也许你们可以一起参加些户外活动，给彼此一些空间，有时候距离产生美。","你可以尝试写写日记，记录自己的心情，有助于你理清思路，减轻压力。","找个时间一起看个喜剧电影，笑一笑，压力自然就没了。","A","40"
"589","小明通过学校的国际交流项目认识了交换生玛丽，他们成为了好朋友。但随着交流结束，玛丽回国了，小明不知道如何保持联系。
问题：在此情况下，对于小明说：“玛丽回国了，我很担心我们的友谊会因为距离而变淡，我该怎么办呢？”，什么是最有效的回复？","你可以试试每天给她发一张你的日常生活照片，让她知道你每天都在想她。","建立一个跨国微信小组，把你们共同的朋友都拉进去，这样可以经常群聊。","每周末安排一次视频通话，就像真实见面一样聊天，这样可以保持情感的连结。","寄一份手写的信给她，告诉她你对这段友谊的重视，相信她会很感动。","B","197"
"159","李女士和丈夫结婚多年，感情逐渐变得平淡。李女士想调整心态，珍惜彼此。她向你寻求建议。
问题：在此情况下，对于李女士说：“我和丈夫的感情变得越来越平淡，我想调整心态，让我们的生活重新充满活力，你有什么好方法吗？”，什么是最有效的回复？","你可以和丈夫一起参加一些夫妻瑜伽课程，增进彼此的感情。","建议你们安排一次家庭旅行，换个环境，给生活增添一些新鲜感。","每天找时间和丈夫一起散步，边走边聊天，回味一下过去的美好时光。","你可以给丈夫准备一个惊喜，比如在他生日的时候，组织一个小型的家庭聚会，让他感受到你的爱意。","C","53"
"186","张先生失恋后，心情低落，对生活失去了热情。他向你寻求帮助，希望找到找回生活目标的方法。
问题：在此情况下，对于张先生说：“最近失恋了，对生活提不起兴趣，你能给我出出主意吗？”，什么是最有效的回复？","或许你可以试试独自旅行，享受一段安静的时光，思考自己真正想要的生活。","我建议你参加一些高端社交活动，结识新朋友，拓宽人际关系。","要不要试试心理咨询？专业的指导也许能帮你更快地走出困境。","我们可以一起制定一个长期目标，然后分解成若干个小目标，逐步实现。","A","62"
"86","小李和小王相处中经常冷战，小李不知道怎么解决，向你寻求建议。
问题：在此情况下，对于小李说：“每次吵架后，小王就爱冷战，我觉得这样下去不是办法，你说我该怎么做？”，什么是最有效的回复？","你可以试试看制定一个‘冷战不耐受协议’，规定冷战不得超过24小时。","建议你下次冷战时，发一些搞笑的图片或表情包给她，幽默感也许能打破僵局。","找个合适的时机，直接跟她说，‘我们成年人了，冷战解决不了问题，谈谈吧。’","或者你可以给她发一条消息说，‘听说冷战太久，冰箱里的雪糕都会融化，我们和好吧。’","B","29"
"387","赵妈妈发现上小学的儿子小赵对学习没有兴趣，她想要鼓励孩子，又不希望给孩子太多压力。
问题：在此情况下，对于赵妈妈说：“小赵对学习不太上心，我想鼓励他，但又害怕给他太大压力。有什么好方法吗？”，什么是最有效的回复？","设立一个‘学习进步奖励’，比如达到目标后可以一起去动物园，让学习变得更有趣。","带他参观你的工作场所，聊聊知识和学习的重要性，启发他的兴趣。","和小赵一起制定学习计划，让他参与到决策中来，感觉被尊重。","在小赵面前故意表现出对学习的热爱，有时候身教胜于言传。","A","129"
"660","王姐想加入社区的书友会，但担心自己年龄偏大，和大家没有共同话题。她向你寻求建议。
问题：在此情况下，对于王姐说：“我想加入书友会，但怕年龄大了和他们聊不来。你觉得呢？”，什么是最有效的回复？","哈哈，你可以说自己是来寻找年轻的心，书友会最喜欢有故事的人了。","你可以先了解大家的阅读喜好，准备一些相关话题。","建议带一本自己最爱的书去，用它打开话题，自然就有共同语言了。","其实不用担心，书本身就是最好的话题，年龄不是问题。","C","220"
"310","小明和小华是好朋友，最近小华因为小明在篮球比赛中的出色表现而感到嫉妒。小明不知如何是好，向你寻求帮助。
问题：在此情况下，对于小明说：“小华最近好像对我有点嫉妒，因为我篮球比赛表现好。我该怎么办呢？”，什么是最有效的回复？","下次比赛带小华一起，让他感受一下比赛的气氛，可能会好一些。","找个时间和小华一对一打球，让他知道你也有不如他的地方。","跟小华坦诚地说，他也有很多优点，你很珍惜你们的友谊。","开玩笑地说，‘看来我需要找一个更强的对手了，小华你不够我打。’","C","104"
"128","小刚和小丽相恋多年，最近因为工作原因，小丽被调到了另一个城市，两人开始了异地恋。小刚很苦恼，不知道如何缓解思念之情。
问题：在此情况下，对于小刚说：“小丽搬到了另一个城市，我现在真的很想她，不知道怎么才能减轻这种思念。”，什么是最有效的回复？","你可以试试看在线游戏或者一起看同一部电影，这样就算远距离也能有共同体验。","建立一个共同的储蓄账户或者目标，每次想她的时候就去存点钱，为你们的未来努力。","晚上视频聊天时，可以尝试一起做晚餐或者分享彼此的一天，这样感觉就像在一起一样。","嘿，你可以假装自己是个侦探，每天给她发一张你那里的风景照，让她猜猜你在哪里。","A","43"
"213","王先生因为工作原因搬到了一个新的城市，想要融入当地社区并结交朋友，但他发现交际圈似乎已经固定。
问题：在此情况下，对于王先生说：“新城市的人好像都有固定的交际圈，我该怎么融入呢？”，什么是最有效的回复？","你可以尝试参加社区的活动，比如社区义工或者邻里聚会，这样可以认识左邻右舍。","加入当地的商会或职业组织，那里会有和你一样想要扩大社交圈的专业人士。","为什么不自己组织一个小聚会呢？邀请同事和邻居，自己成为交际圈的中心。","或者你可以参加一些成人教育课程，学习新知识的同时也能认识新朋友。","A","71"
"174","张先生中年失恋，感到非常挫败，想重新找回生活的自信，向你寻求帮助。
问题：在此情况下，对于张先生说：“我没想到这个年纪还会失恋，现在真的很迷茫，怎样才能重新找回自信呢？”，什么是最有效的回复？","失恋不分年龄，重要的是学会自我疗愈。你可以尝试写日记，把心中的困惑和感受都写下来。","别让过去的感情影响你的现在，参加一些社交活动，结识新朋友，你会发现人生还有很多可能。","或许你可以考虑培养一项新的爱好，比如绘画或者音乐，用艺术来疗愈你的心灵。","别忘了，你的价值不是由别人来定义的。自己独处一段时间，好好享受一下自由的生活吧。","D","58"
"355","小明因为在学校和同学打架被请家长，他的父亲很生气，想知道如何适当惩罚和教育小明。
问题：在此情况下，对于小明父亲说：“我儿子在学校打架，我该怎样惩罚他，才能让他记住不再犯类似的错误呢？”，什么是最有效的回复？","让小明写一篇关于友谊重要性的作文，加深他对和谐相处的理解。","取消他这个月的零花钱，让他知道错误行为的代价。","带他去被欺负的同学家道歉，让他学会承担责任。","和他一起看一些关于校园暴力的纪录片，然后讨论为什么打架是错误的。","C","119"
"82","小情侣吵架，小明很生气，但想控制情绪，避免伤害女朋友。他向你寻求建议。
问题：在此情况下，对于小明说：“我刚刚和女朋友吵架了，我很生气，但不想伤害她，我该怎么做？”，什么是最有效的回复？","深呼吸，然后想想你们甜蜜的时光，心情会好一些。","嘿，你可以试试边跑边喊，把气都发泄出来就不会想吵架了。","玩一盘游戏冷静一下，但别忘了回头道歉哦！","假装自己是棵树，树是不会生气的，看看能不能把情绪放下。","A","28"
"509","小莉在一个社交平台上经常和一个叫小华的用户交流，感觉彼此很聊得来。小莉想要和小华建立更深层次的友谊关系，向你寻求建议。
问题：在此情况下，对于小莉说：“我和小华在网上聊得来，但我想让我们的关系更近一步，怎么办呢？”，什么是最有效的回复？","你可以尝试私下加她好友，私下聊天可以让关系更近一步。","建议一起参加线上的一些小组活动，共同的经历会让友谊升温。","偶尔寄给她一些小礼物，物质不是重点，关键是有心。","开个玩笑说你们的关系就像网友见面，是时候‘奔现’一下了。","A","170"
"327","张哥发现他多年的好友李哥在关键时刻没有支持他，反而在背后捅刀子，他感到非常失望，不知道是否应该结束这段友情。
问题：在此情况下，对于张哥说：“我没想到李哥会这样对我，我为这段友情付出了很多。我是不是应该放手？”，什么是最有效的回复？","成年人的世界很复杂，可能他也有难处，试着和他沟通一下吧。","有时候，放手也是一种解脱。如果这段友情让你感到疲惫，那就放手吧。","人生在世，有几个知心朋友不容易，再给他一次机会吧。","嘿，或许你可以让他知道，失去你这样的朋友是他的损失！","D","109"
"581","王明在一家跨国公司工作，他的同事John刚从美国分公司调来，王明想帮助John更好地适应中国的文化环境。
问题：在此情况下，对于王明说：“John刚来中国，我想帮他适应这里的文化，有什么好方法吗？”，什么是最有效的回复？","你可以带他去体验中国的茶文化，品茶之余也能了解中国的传统文化。","和他分享一些你喜欢的中国旅行地点，鼓励他周末去探险。","建议他参加公司的中国文化课程，系统性地了解中国文化。","邀请他参加你的周末聚会，让他感受中国人的社交生活。","A","194"
"687","张先生参加了一个羽毛球俱乐部，最近他在比赛中连连失利，感到有些沮丧，希望得到一些建议。
问题：在此情况下，对于张先生说：“最近羽毛球打得很糟糕，总是输，怎样才能提高我的比赛状态呢？”，什么是最有效的回复？","跟年轻人学学，看他们是怎么训练的，也许能找到新的启发。","别只盯着比赛，和朋友们一起打打养生球，享受运动的乐趣。","找个专业教练来个一对一，针对性地解决你的技术问题。","每场比赛后都自我总结一下，哪里做得好，哪里还能改进，慢慢进步！","B","229"
"136","小敏发现男朋友最近总是手机不离手，还经常背着她聊天，她怀疑男朋友可能出轨了，向你寻求帮助。
问题：在此情况下，对于小敏说：“我男朋友最近总是偷偷摸摸的，他是不是出轨了？”，什么是最有效的回复？","哎呀，别想太多，可能他只是沉迷于某个游戏呢，你不妨也一起玩玩看。","这还不简单，直接看他手机不就知道了，不过要做好心理准备哦。","你可以试着跟他沟通一下你的担忧，看看他怎么解释。","别担心，可能他只是暗恋某个明星呢，不是每个人都懂得怎么处理这种事的。","C","46"
"195","张先生经历了一次痛苦的分手，他想要重新站起来，学会独立生活。他向你寻求建议。
问题：在此情况下，对于张先生说：“刚经历了一次分手，我想重新开始，怎样做才能更好地独立呢？”，什么是最有效的回复？","你可以开始关注个人成长，比如参加一些讲座或者研讨会，这样可以帮助你更好地认识自己。","别太当回事，人生就是一场戏，换个剧本继续演，保不齐下一个角色更精彩。","试试改变一下生活环境，比如重新布置家里，或者养个宠物，这会让你觉得生活焕然一新。","独立的最大秘诀就是学会自嘲，比如我们可以说，至少现在自由了，想去哪儿就去哪儿！","A","65"
"583","李华是一名高中生，最近参加了一个国际交流项目，认识了一位来自德国的同学彼得。他想和彼得建立长久的友谊，但不知从何入手。
问题：在此情况下，对于李华说：“彼得来自德国，我想和他成为好朋友，但文化不同，不知道怎么和他交流。”，什么是最有效的回复？","你可以试试和彼得分享中国的美食，食物是拉近距离的好办法！","邀请彼得参加你的生日派对，派对上你们可以玩得很开心，友谊自然来。","跟彼得聊聊你们喜欢的音乐和电影，文化差异在娱乐面前不是问题。","试试学习一些德语，和彼得用他的母语交流，他会觉得很有趣。","C","195"
"518","小赵在社交平台上和一个叫小丽的网友很聊得来，他们分享生活、交流工作。小赵想要将这段网络友谊升华为现实中的友情，却不知道如何跨出这一步。他向你寻求建议。
问题：在此情况下，对于小赵说：“我想和小丽成为现实中的朋友，但不清楚怎么提出见面的好。”，什么是最有效的回复？","建议你们可以先从视频聊天开始，熟悉一下彼此的‘真面目’。","你可以策划一个小型的网友聚会，邀请小丽和其他一些朋友一起参加。","找个共同的兴趣点，比如说一个新的展览或演出，邀请她一起去看。","开个玩笑，说如果再不见面，你都要忘了她的声音了，看她怎么回应。","C","173"
"309","张先生在一次同事聚会中说了一些不恰当的话，让多年的好友李先生感到被背叛，张先生想要挽回这段友情，向你寻求帮助。
问题：在此情况下，对于张先生说：“我最近在一次聚会上失言了，让老朋友李先生很难过，我该如何挽回我们的友情呢？”，什么是最有效的回复？","你可以找个时间，亲自去他家，带上他最喜欢的茶叶，真诚地向他道歉。","邀请他参加一个他感兴趣的讲座或者活动，用行动表示你想弥补的错误。","写一封邮件，详细解释当时的情况和你的本意，并且表达你对这段友情的看重。","通过共同的好友安排一个聚会，然后在不经意间，当众向他表示你的歉意。","A","103"
"168","40岁的王先生经历了一段痛苦的离婚，他想要重新开始，但不知道如何面对接下来的生活。他向你寻求指导。
问题：在此情况下，对于王先生说：“离婚让我觉得很失败，我不知道怎么重新振作起来。你能给我一些建议吗？”，什么是最有效的回复？","失败是成功之母，你现在的经历会成为你未来最宝贵的财富。要不要试试参加一些社交活动，认识新朋友？","生活总会有起起落落，但重要的是要向前看。也许你可以考虑开始一项新的事业，重新找回自我。","王先生，有时候独处也是自我发现的好时机。或许你可以考虑去远足，享受大自然的宁静。","我建议你养只宠物，它们无条件的爱有时候能带来意想不到的疗愈效果哦。","A","56"
"291","张先生的一个老朋友最近频繁向他借钱，张先生觉得有义务帮忙，但自己的经济状况也不宽裕，他向你寻求如何婉转拒绝的建议。
问题：在此情况下，对于张先生说：“我朋友最近一直找我借钱，但我自己的财务状况也不是很理想，该怎么拒绝他呢？”，什么是最有效的回复？","你可以婉转地说，‘我现在也在设法管理自己的预算，可能没办法帮你了。’","用幽默的方式回应，‘你看，我最近都快要吃土了，咱们能换个方式互相帮助吗？’","直接表达你的困境，‘我现在手头也紧，真的帮不上忙。’","推荐他找专业的财务顾问，然后打趣说，‘或许他们能给你更好的建议。’","B","97"
"636","王哥在参加职业协会的年度晚宴时，想扩大自己的社交圈，但他不喜欢传统意义上的‘搭讪’。他向你寻求建议。
问题：在此情况下，对于王哥说：“我不太喜欢硬生生地去搭讪，有没有什么更自然的方法呢？”，什么是最有效的回复？","哈哈，那你可以假装自己是服务员，给大家倒酒，自然而然就融入进去了。","你可以站在吧台旁边，拿着一杯饮料，看起来很深沉的样子，会有人主动来跟你聊天的。","试着找一些共同点，比如和身边的人聊聊最近行业的动态，这样比较容易打开话题。","参与晚宴的小游戏或者活动，通过互动来认识新朋友，这样比较不会尴尬。","C","212"
"674","小李在公司的足球队担任队长，他发现队伍里新加入的成员彼此间不太交流，他希望能改善这一状况。他向你寻求建议。
问题：在此情况下，对于小李说：“作为队长，我想让队里的新人们更快融入团队，有什么好方法吗？”，什么是最有效的回复？","你可以设立一些小目标，让大家为了共同的目标而努力，这样可以增加团队凝聚力。","试试在比赛前后组织团队讨论会，鼓励大家发表意见，这样可以增进交流。","安排一些团队建设训练，比如逃生室挑战，这样可以快速增进彼此间的了解。","或许可以搞个‘最佳队友’评选，让大家互相提名，增加点趣味性。","D","225"
"263","小李刚升职，想和几个好友分享这个好消息，但又担心朋友们会感到嫉妒。
问题：在此情况下，对于小李说：“我最近升职了，想和朋友们分享，但又怕他们嫉妒，我该怎么说？”，什么是最有效的回复？","你就说公司缺人，老板硬是把这活推给你了。","直接告诉他们，然后说‘希望我们都能越来越好’，把话题转到大家身上。","找个合适的时机，比如在聚会的时候突然宣布，让大家一起庆祝。","你可以开玩笑说‘我要成为有钱人了，以后吃饭我请客’，缓解一下气氛。","B","88"
"193","小明失恋后很沮丧，想要学会独立，不再依赖别人。他向你寻求建议。
问题：在此情况下，对于小明说：“我失恋后觉得好难过，怎样才能独立起来，不再那么依赖别人呢？”，什么是最有效的回复？","你可以试试培养一些新的爱好，比如画画或者运动，这样可以转移注意力，变得更独立。","哎呀，找个新对象不就行了，哪有那么多时间让你在那儿独自忧伤。","你可以尝试自己去做一些以前总是两个人一起做的事情，比如看电影或者去吃饭，慢慢就习惯了。","独立很简单，首先把手机里所有前任的照片都删了，然后我们出去嗨皮一下！","A","65"
"39","李女士与王先生在一次社交活动中认识，最近王先生经常邀请李女士共进晚餐，李女士感觉王先生对她有意，想要知道如何回应。
问题：在此情况下，对于李女士说：“王先生最近总邀请我吃饭，我觉得他对我有点那个意思，我该如何是好？”，什么是最有效的回复？","你可以大方接受邀请，并在吃饭时暗示你对他也有好感。","直接问他是不是对你有意思，不想再猜测来猜测去。","跟他说你最近很忙，看看他是不是还会坚持邀请。","建议下次让他选个有趣的地方，这样你们可以有更多共同话题。","D","13"
"440","小陈想和爷爷探讨家族的传统，但他不知道如何让这个话题不显得那么正式，希望你给点建议。
问题：在此情况下，对于小陈说：“我想和爷爷聊聊家族的传统，但不想让气氛太严肃，有什么好办法吗？”，什么是最有效的回复？","你可以从一次家族聚餐开始，问爷爷这个传统是怎么开始的，这样比较自然。","跟爷爷一起做传统节日食物，边做边聊，这样的话题就不会太正式。","建议你先讲一个自己印象最深的家族传统活动，然后问爷爷更多的故事。","你可以假装对某个传统习俗很好奇，请爷爷给你‘科普’一下。","B","147"
"395","小李的弟弟打算创业，但是资金不足。小李想资助弟弟，但又担心弟弟会拒绝。
问题：在此情况下，对于小李说：“我想资助弟弟创业，但他很要强，我该如何提出才不会伤害他的自尊心？”，什么是最有效的回复？","你可以跟你弟说，这是你作为投资者的第一笔投资，你相信他会成功的。","建议你提出一个交换条件，比如说，你出资金，他以后盈利了要请你吃大餐。","试试看半开玩笑地说，‘不支持家人，要钱干嘛使？’这样比较不会太严肃。","你可以跟你弟说，这是一次学习的机会，希望通过这个方式参与他的创业过程。","A","132"
"319","小刚因为误会失去了他的好朋友小杰，他感到很难过，不知道如何调整心态。他向你寻求建议。
问题：在此情况下，对于小刚说：“我最近失去了我的一个好朋友，心里特别不是滋味，我不知道怎么才能不那么难过。”，什么是最有效的回复？","时间会治愈一切，或者你可以试试写日记来发泄你的情绪。","别难过了，可能这是命中注定的，你会遇到更好的朋友。","失去一个朋友就像丢了一双旧鞋，虽然不舒服，但你可以趁机买双新的。","或许你应该找个机会和小杰谈谈，有时候误会解开了，友情还能继续。","C","107"
"160","小明和小红交往一年了，最近感觉两人的关系不像之前那么亲密了，他开始担心这会不会导致分手。
问题：在此情况下，对于小明说：“我和小红最近感觉没以前那么亲密了，这是不是意味着我们要分手了？”，什么是最有效的回复？","哈哈，别担心，这可能只是新鲜感过去了，你们可以尝试找点新鲜的事情一起做。","是不是最近你们都比较忙？有时候给彼此一点空间反而能让关系更长久。","别想太多，可能小红只是最近心情不好，多关心她一下就没事了。","这很简单，直接问小红是不是想分手不就行了，猜来猜去多累啊。","A","54"
"607","小明参加了一个编程培训班，和导师因为一个项目的实现方法产生了分歧，他感到很困惑，不知道怎么和导师沟通。
问题：在此情况下，对于小明说：“我有个项目想法，但和导师的想法完全不同，我该怎么和他沟通呢？”，什么是最有效的回复？","哈哈，你可以和导师来一次编程大战，看谁能用代码说服对方。","试试做个PPT，用数据和事实来支持你的想法，然后和导师预约个时间聊聊。","或许你该考虑一下，毕竟导师经验丰富，有时候听话也是种进步。","你可以跟导师说，这是你灵感突发，不如我们试试看我的方法？","B","203"
"209","小美最近刚失恋，想要结识新朋友，但她不知道从哪里开始。她向你寻求帮助。
问题：在此情况下，对于小美说：“最近想开始新生活，想认识些新朋友。但不知道怎么入手，你有什么好主意吗？”，什么是最有效的回复？","你可以参加一些兴趣小组或者俱乐部，比如瑜伽、烹饪或者户外活动，这样能遇到志同道合的人。","试试使用交友应用，这可是认识新朋友的现代方式哦，当然，要小心使用。","周末不妨去咖啡馆坐坐，带上本书，自然而然就能和旁边的人聊上天。","参加一些社交活动，比如派对或者聚会，记得要微笑，主动和人交谈。","A","70"
"270","张先生的朋友李先生因为投资失败导致经济紧张，张先生想帮助李先生度过难关，但担心直接给钱会伤害到李先生的自尊。
问题：在此情况下，对于张先生说：“李先生最近投资失败了，我想帮他，但不想让他觉得我在施舍，怎么办？”，什么是最有效的回复？","你可以提出一起做点小生意，既能帮他，又能让你们的友情更加深厚。","邀请他到你公司来，看看是否有适合他的工作岗位。","以开玩笑的方式提出你最近也在找投资机会，看看他是否愿意分享他的经验，这样可以自然地提供帮助。","组织一次朋友聚会，让大家一起出出主意，集体的力量大。","C","90"
"317","小李发现她的好友小丽泄露了她工作上的秘密，这让她在同事面前很尴尬，她不知道如何是好。
问题：在此情况下，对于小李说：“我没想到小丽会把我的工作秘密说出去，现在同事们都用异样的眼光看我。”，什么是最有效的回复？","换个角度想，这下你成了办公室的‘热门话题’人物了，不是挺有趣的吗？","和小丽坦白说，如果她不能保守秘密，那你以后可能没法再和她分享心事了。","先冷静下来，搞清楚小丽是不是故意的，再做打算。","你可以假装什么事都没发生，但以后和小丽分享秘密时要小心了。","A","106"
"334","小明发现他的好朋友小刚最近和新的朋友玩得很近，他感觉和小刚的关系变得疏远了，希望找到办法维持他们的友谊。
问题：在此情况下，对于小明说：“我感觉小刚跟新朋友玩得很开心，我有点担心我们的友谊会变淡，我该怎么办？”，什么是最有效的回复？","你可以找个时间和小刚单独出去玩，重温一下你们的友谊。","直接跟小刚说，你吃醋了，希望他能多花点时间和你在一起。","试试加入他们的新朋友圈，也许你也会交到新朋友。","你可以装作没事，等小刚自己发现他冷落了你，然后回来找你。","A","112"
"372","陈先生发现他的父母对于新的科技产品，比如智能家居，不太了解也不愿意接受，他想要找到方法帮助他们适应。
问题：在此情况下，对于陈先生说：“我爸妈对智能家居这类新产品有点排斥，我该怎么做才能让他们接受呢？”，什么是最有效的回复？","你可以跟他们说，智能家居能让他们生活更轻松，比如声控灯，晚上起来不用摸黑。","找个机会带他们去体验一下智能家居的展示厅，眼见为实，他们可能会改变想法。","跟爸妈说，现在都用这些高科技产品了，如果他们不学，家里面就成了‘古代宅’了。","从安全角度出发，跟他们讲解智能家居的安全便利性，比如说远程监控家里的安全。","B","124"
"341","小丽和小芳是大学时的好朋友，毕业后各奔前程，联系渐渐少了。小丽想重新联络小芳，但怕生疏了。
问题：在此情况下，对于小丽说：“我想和小芳恢复以前的关系，但不清楚她现在是否愿意和我重新开始。”，什么是最有效的回复？","你可以从回忆杀开始，比如说‘前几天看到咱们毕业旅行的照片，真的超级怀念啊！’","直接发个邀请，‘最近有没有空，咱们聚一聚，续一下革命友谊？’","先从社交媒体上互动起来，比如给她最近的状态点个赞，评论一下，自然找机会聊。","试试发个搞笑的大学时的照片给她，标题‘猜猜这是谁’，后面就能顺势聊开了。","A","114"
"91","小敏和男友在一起两年了，最近她在思考如何和男友探讨未来的生活规划，但又担心话题太过沉重。她向你寻求建议。
问题：在此情况下，对于小敏说：“我想和男友谈谈我们的未来，但是怕他会觉得压力太大，怎么办？”，什么是最有效的回复？","你可以先聊聊你们梦想中的生活是什么样的，这样比较不会让对方感到压力。","找一个浪漫的环境，比如看星星的时候，然后顺势谈谈未来的计划。","直接点，说你想了解一下他对未来的想法，如果他爱你，他会认真听的。","玩个游戏，轮流描述十年后的自己，这样既轻松又能了解对方的想法。","B","31"
"488","小陈在公司的新产品发布会上负责讲解产品，他想要更好地与参会者沟通，让他们对产品感兴趣。他向你寻求帮助。
问题：在此情况下，对于小陈说：“我怎样才能让我的讲解更有吸引力，让听众更感兴趣呢？”，什么是最有效的回复？","用一些生动的案例来说明产品如何解决实际问题，这样更容易吸引听众。","让听众亲自体验产品，让他们感受产品的优势。","通过问答环节，了解听众的需求，然后针对性地讲解产品。","用一些幽默的比喻来形容产品，让听众在笑声中记住产品特点。","D","163"
"585","陈先生在一个国际非政府组织工作，他和法国的同事马克关系很好。但马克即将调到另一个国家工作，陈先生想要维持这段友谊。
问题：在此情况下，对于陈先生说：“马克要调走了，我们一直合作得很愉快，我不想失去这位朋友。”，什么是最有效的回复？","建议你们每年至少安排一次见面，友谊需要面对面的维护。","和马克保持邮件通信，分享彼此的生活和工作。","创建一个两人专属的博客，记录你们的友谊和共同经历。","送马克一个世界时钟，每次看到不同时间，就会想起对方。","A","195"
"481","小明在学校的辩论比赛中被问到对于最近热门的环境保护政策的态度，他需要在公共场合表达自己的观点。
问题：在此情况下，对于小明说：“我需要在辩论中表达我对环保政策的看法，但我怕我说不清楚。你能给我点建议吗？”，什么是最有效的回复？","那就先说个笑话放松一下气氛，然后慢慢表达你的观点。","直接点，说‘我觉得环保就是让地球妈妈不那么生气’，这样既幽默又直接。","你可以用几个生动的例子来说明环保的重要性，这样大家更容易理解。","试试看用比喻，比如‘环保就是给地球穿上一件保护衣’，既有创意又容易记住。","D","161"
"491","小丽在公司年会上演讲，被同事指出错误，她感到很尴尬，想要知道如何处理这种场合。
问题：在此情况下，对于小丽说：“我在年会上出了洋相，现在同事们都在议论，我该怎么应对？”，什么是最有效的回复？","哎呀，这多大点事，你可以自嘲一下，让大家知道你是个能接受玩笑的人。","你可以找个机会跟那个指出你错误的同事聊聊，感谢他的‘指教’。","别太在意，年底了大家都压力大，开开玩笑缓解一下气氛。","下次年会上你准备得更充分，用实力让他们无话可说！","A","164"
"635","小李在职业协会的活动中，想和一位行业内的专家建立联系，但他不知道如何开口。他向你寻求帮助。
问题：在此情况下，对于小李说：“我想和那位专家聊聊，但感觉他好像很忙，我该怎么接近他呢？”，什么是最有效的回复？","直接告诉他你需要他的联系方式，因为你有个问题想请他指导。","你可以先听听他的演讲，然后在问答环节提出一个深入的问题，以此作为交流的契机。","等会议结束后，假装你的手机没电了，向他借充电器，哈哈，这是个认识的好理由。","试试看在他喝咖啡休息的时候，过去和他聊聊他对今天活动的看法。","D","212"
"579","张先生移民到了另一个国家，他发现他的孩子们对当地文化更感兴趣，而不是中国传统文化。他担心孩子们会失去文化认同。
问题：在此情况下，对于张先生说：“我的孩子们越来越喜欢当地的文化，我该怎么让他们也重视我们的中国文化呢？”，什么是最有效的回复？","你可以每个周末举办一个家庭中国文化日，做一些传统活动，如包饺子、写书法，让这成为家庭传统。","带孩子们回国探亲访友，让他们亲身体验中国的传统文化和习俗，这样他们会更有认同感。","跟孩子们一起看中国的历史剧或者动画片，通过有趣的方式让他们了解中国的故事。","其实文化是多元的，鼓励孩子们探索不同的文化，同时告诉他们中国文化的独特之处，让他们自豪。","A","193"
"333","李女士与她的老朋友赵女士因为家庭和工作的原因已经很久没有见面了，她想重新联络，但又不知道如何开口。她向你寻求建议。
问题：在此情况下，对于李女士说：“我和赵女士以前是无话不谈的朋友，现在却不知如何重启话题。”，什么是最有效的回复？","你可以从共同的回忆开始，比如发张老照片给她，引发她的回忆。","提出一起去参加一个对两个人都有意义的活动，比如瑜伽课程或者烹饪班。","建议两家一起外出郊游，带上孩子，家庭聚会也是恢复友情的好机会。","直接告诉她你很怀念以前的日子，想找回那份友情。","A","111"
"410","小李的妹妹新找了一份高薪工作，家人总是在小李面前夸奖妹妹，这让小李感到有些嫉妒，询问你如何处理这种情绪。
问题：在此情况下，对于小李说：“我妹妹的工作确实很好，但家里人的夸奖让我觉得有点不舒服，我该如何调整心态？”，什么是最有效的回复？","你可以跟妹妹分享你的感受，也许她会给你一些好的建议。","试着转变一下想法，把家人的夸奖当作是一种激励，让自己也努力向上。","找个时间跟家人好好聊聊，表达你的感受，让他们知道你的努力。","幽默地回应说‘看来我得加把劲，不然就被妹妹超越了’，这样可以轻松化解尴尬。","D","137"
"285","张先生的朋友李先生经常找张先生借钱，但很少归还。张先生不想失去这个朋友，但也不想继续这样下去。
问题：在此情况下，对于张先生说：“我该怎么跟李先生开口，我不想再借钱给他了，而又不影响我们的友情？”，什么是最有效的回复？","你可以半开玩笑地说，你的钱包最近开了减肥课程，要减少食量了。","坦诚地告诉他，你最近自己的财务状况也不是很宽裕，不能再随便借钱了。","建议他找专业的财务顾问咨询，如何管理个人财务，这样对你们俩都有好处。","跟他说，你愿意在他真的遇到困难时帮助他，但希望他能理解你的立场，不要频繁借钱。","A","95"
"514","小明在网上认识了一个新朋友，他们很聊得来，但小明不确定是否应该分享自己的真实姓名和学校信息。他向你寻求建议。
问题：在此情况下，对于小明说：“我在网上交了个朋友，但我不确定要不要告诉他我的真实信息，你觉得呢？”，什么是最有效的回复？","哈哈，你可以先告诉他你是个外星人，看看他信不信。","最好先了解一下对方，再做决定。你可以跟他聊聊兴趣，如果感觉可靠再说。","别担心，网上都是虚拟的，用什么名字不都一样嘛。","你可以编个有趣的故事，说自己是一名秘密特工，不能暴露身份。","B","172"
"108","赵先生和太太结婚多年，两人都感觉生活进入了例行公事的状态。赵先生想要重燃爱火，向你咨询保持亲密关系激情的方法。
问题：在此情况下，对于赵先生说：“我和太太结婚多年，想找回当年的激情，你有什么好建议吗？”，什么是最有效的回复？","试着给对方准备一个小惊喜，比如重现你们的第一次约会。","安排一个家庭约会日，和孩子们说明这是属于你们的时间。","写一封感谢信，列出所有你感激对方的事情，然后读给她听。","一起开始一项新的爱好，比如园艺或者摄影，共同创造新的回忆。","A","36"
"257","李小姐想给她的闺蜜王小姐一份特别的礼物，王小姐最近工作压力大，李小姐希望礼物能让她感到放松和开心。
问题：在此情况下，对于李小姐说：“我最近在想要不要给王小姐送个礼物，让她不要太累。但就是不知道送什么好。”，什么是最有效的回复？","你可以送她一个SPA护理的礼券，让她去放松一下。","弄个‘开心果’礼盒，里面放些搞笑的小玩具和甜点，让她笑一笑。","送她一本心灵成长的书，再搭配一束鲜花，可能能给她一些启发。","邀请她去周末的喜剧电影，再给她买一大桶爆米花，享受轻松的时光。","B","86"
"173","小李刚经历了一次痛苦的分手，对自我价值产生了怀疑，他希望得到你的建议以重拾自信。
问题：在此情况下，对于小李说：“我刚失恋，突然觉得自己哪里都不好了，你能给我点建议吗？”，什么是最有效的回复？","失恋只是生活中的一小部分，试试看专注于工作或者兴趣，你会发现自己的价值不仅仅在于一段恋情。","干嘛这么严肃，找个喜剧电影看看，笑一笑，你会发现生活还是很美好的。","你知道吗？每次当你觉得自己不行的时候，都是成长的机会。出去旅行一趟，换个心情吧。","重拾自信的最佳方式就是做点自己擅长的事情，让自己记得你有多厉害！","A","58"
"330","陈先生因为家庭原因搬到了另一个城市，与多年的好友王先生联络变少，他担心友谊会因此慢慢消失。
问题：在此情况下，对于陈先生说：“搬家后，和王先生的联系少了很多，我不想因为距离让我们的友情就这样淡了，你说我该怎么做？”，什么是最有效的回复？","你可以定期安排个小旅行，去他的城市或者约个中间的城市见面。","现在社交软件这么方便，天天视频聊天也不是什么难事，对吧？","偶尔给他寄点你那里的特产，美食总是能够拉近人与人之间的距离。","你们可以一起在线上报名个兴趣班，比如烹饪或者外语学习，共同进步也是维持友谊的好方式。","A","110"
"560","小李在一家跨国公司工作，他的团队由不同国籍的成员组成。他想和同事们建立良好的工作关系，但文化差异让他感到困扰。
问题：在此情况下，对于小李说：“和不同文化背景的同事相处真是一门学问，怎样才能避免误解呢？”，什么是最有效的回复？","你可以主动学习他们的语言，哪怕是一两句日常用语，也能拉近彼此的距离。","在交流时多使用肢体语言，这是全球通用的沟通方式。","组织一些文化交流活动，让大家分享自己国家的趣事，增进相互了解。","每次开会前，先来个轻松的跨文化小笑话，让大家放松一下。","C","187"
"303","陈先生和张先生是多年的好友，最近因为一次投资意见不合而闹翻。陈先生想恢复友情，却不知道怎么开口。
问题：在此情况下，对于陈先生说：“我和老张因为投资的事闹得不愉快，我想和解，你说我该怎么做？”，什么是最有效的回复？","哈哈，那就再找一次投资机会，这次听他的，权当是赔罪了。","邀请他参加你的家庭聚会，家的温暖有助于缓解紧张的关系。","亲自上门，带上一瓶好酒，男人的矛盾一杯酒就能解决。","给他写一封信，表达你的歉意和对友情的珍视，文字有时更有力量。","B","101"
"456","张先生的侄子小陈要参加高考，但最近情绪波动很大，张先生想安慰他，却不知道说什么好。
问题：在此情况下，对于张先生说：“我侄子要高考了，最近很焦虑，我想安慰他，但又不知道怎么做。”，什么是最有效的回复？","告诉他，高考只是人生的一个阶段，不用太紧张，重要的是过程。","建议他找专业的心理咨询师谈谈，可能需要专业的指导。","和他分享你当年高考的经验，说每个人都会紧张，但最终都能克服。","带他去运动，释放压力，有时候身体的疲惫能减轻心理的负担。","A","152"
"56","李雷和韩梅梅相处已经半年了，他们希望彼此能在心灵上更加依赖对方，李雷向你咨询如何实现这个目标。
问题：在此情况下，对于李雷说：“我想和梅梅的关系更加紧密，如何才能做到呢？”，什么是最有效的回复？","建议你们一起养一只宠物，共同照顾一个小生命能增加你们之间的联系。","可以尝试一些户外冒险活动，比如爬山或潜水，共同克服困难会加深你们的感情。","找个时间，两个人一起做一顿饭，享受共同努力的成果。","和梅梅一起报名参加一个兴趣班，比如绘画或音乐，共同的兴趣会让你们的心更近。","A","19"
